material,unitats_2022,vendes_2022,preu_venda_unitari_2022,unitats_2023,vendes_2023,preu_venda_unitari_2023,variacio_preu_venda_unitari_2022_2023,proporcio_variacio_preu_venda_unitari_2022_2023,data_darrera_entrada,dies_ultima_entrada,data_darrera_sortida,dies_ultima_sortida,diferencia_entrada_sortida,stock_final_2023,valor_total_stock_2023,cost_unitari_stock_2023,delta_unitats,delta_preu_venda_unitari,rotacion_inventario,inactividad,indice_deterioro,deterioro
114230822.0,1018500.0,54892.49,0.05389542464408444,885500.0,58951.87,0.06657466967814794,0.01267924503406351,0.2352564270120318,1970-01-01 01:00:45.351,-60.0,1970-01-01 01:00:45.336,-45.0,-15.0,66500.0,2292.96,0.034480601503759,-0.1305840642277229,0.19843744845097258,13.31558923925956,-105.0,0.0,False
115030252.0,75900.0,6825.62,0.08992911725955204,27600.0,2127.68,0.07708985507246376,-0.01283926218708828,-0.1427709131185153,1970-01-01 01:00:45.315,-24.0,1970-01-01 01:00:45.265,26.0,-50.0,23000.0,1777.15,0.07726739130434783,-0.6363552522364659,-0.12848369463466866,1.199947828355289,2.0,0.07634142382490883,True
115070602.0,884000.0,100307.84,0.113470407239819,340000.0,34522.45,0.1015366176470588,-0.0119337895927602,-0.1051709417728467,1970-01-01 01:00:45.328,-37.0,1970-01-01 01:00:45.341,-50.0,13.0,100000.0,5732.32,0.0573232,-0.6153839192489601,-0.09665303500280004,3.3999660003399965,-87.0,0.0,False
115130209.0,23217.0,5179.48,0.2230899771718999,15600.0,3770.68,0.2417102564102564,0.01862027923835652,0.08346533302125374,1970-01-01 01:00:45.281,10.0,1970-01-01 01:00:45.294,-3.0,13.0,9600.0,2298.1,0.2393854166666667,-0.32806443276768027,0.07988451268595036,1.6248307467972085,7.0,0.01088151158991868,True
115170581.0,357000.0,26188.5,0.07335714285714286,1023000.0,74195.5,0.07252737047898339,-0.0008297723781594685,-0.01131140534978827,1970-01-01 01:00:45.331,-40.0,1970-01-01 01:00:45.344,-53.0,13.0,42000.0,2140.13,0.05095547619047619,1.865540992882373,-0.009954424416651722,24.356562938977643,-93.0,0.0,False
116211401.0,180000.0,20998.44,0.116658,1533600.0,156152.48,0.1018208659363589,-0.01483713406364109,-0.1271848828510783,1970-01-01 01:00:45.351,-60.0,1970-01-01 01:00:45.352,-61.0,1.0,36000.0,3143.7,0.087325,7.51995822245432,-0.11714328399028164,42.59881669953612,-121.0,0.0,False
116490259.0,152600.0,24814.65,0.1626123853211009,152600.0,26612.66,0.1743948885976409,0.01178250327653999,0.07245760065122828,1970-01-01 01:00:45.343,-52.0,1970-01-01 01:00:45.348,-57.0,5.0,15400.0,1386.79,0.0900512987012987,0.0,0.0682598948773095,9.908447503408869,-109.0,0.0,False
118030902.0,711900.0,100467.24,0.1411254951538138,741400.0,109717.26,0.1479865929322902,0.006861097778476433,0.04861699702805981,1970-01-01 01:00:45.322,-31.0,1970-01-01 01:00:45.331,-40.0,9.0,56000.0,6892.27,0.12307625,0.04143834606216314,0.0454000019751352,13.239049302691024,-71.0,0.0,False
118030904.0,376560.0,56967.8,0.1512847886127045,308000.0,51353.82,0.1667331818181818,0.01544839320547731,0.1021146497750402,1970-01-01 01:00:45.343,-52.0,1970-01-01 01:00:45.345,-54.0,2.0,14700.0,1809.22,0.1230761904761905,-0.18206877504574293,0.0957833242574026,20.950955717298143,-106.0,0.0,False
118130103.0,204000.0,31535.34,0.154585,85000.0,13904.98,0.163588,0.009003000000000011,0.05823980334443841,1970-01-01 01:00:45.315,-24.0,1970-01-01 01:00:45.341,-50.0,26.0,17000.0,2167.4,0.1274941176470588,-0.5833304738702261,0.054701218215511806,4.9997058996529615,-74.0,0.0,False
133062220.0,5952000.0,681966.72,0.1145777419354839,4128000.0,467805.12,0.1133248837209302,-0.001252858214553662,-0.01093456890832356,1970-01-01 01:00:45.303,-12.0,1970-01-01 01:00:45.282,9.0,-21.0,144000.0,10294.56,0.07149,-0.30645156141606833,-0.01005683836525541,28.666467593975042,-3.0,0.0,False
133062421.0,295200.0,41706.72,0.1412829268292683,332000.0,49449.76,0.1489450602409639,0.00766213341169561,0.05423255012939267,1970-01-01 01:00:45.324,-33.0,1970-01-01 01:00:45.345,-54.0,21.0,16000.0,1156.64,0.07229000000000001,0.12466082431970081,0.05064770739359623,20.748703206049623,-87.0,0.0,False
133065201.0,1368000.0,44119.44,0.03225105263157895,648000.0,22376.88,0.03453222222222222,0.00228116959064327,0.07073163213313662,1970-01-01 01:00:45.309,-18.0,1970-01-01 01:00:45.331,-40.0,22.0,216000.0,4123.44,0.01909,-0.5263154047402012,0.05399083451327544,2.9999861111754114,-58.0,0.0,False
133065207.0,1490400.0,72747.79,0.0488109165324745,900000.0,41220.72,0.0458008,-0.003010116532474495,-0.06166892052665776,1970-01-01 01:00:45.355,-64.0,1970-01-01 01:00:45.328,-37.0,-27.0,30600.0,584.15,0.01908986928104575,-0.39613499990942036,-0.05118295564756849,29.410803568510833,-101.0,0.0,False
133065216.0,745200.0,21937.25,0.0294380703166935,1618200.0,47125.84,0.02912238289457422,-0.000315687422119286,-0.01072378110124523,1970-01-01 01:00:45.309,-18.0,1970-01-01 01:00:45.331,-40.0,22.0,72000.0,1374.48,0.01909,1.171496012485222,-0.008004636626089197,22.47468785155762,-58.0,0.0,False
133065270.0,2052000.0,66111.13,0.03221789961013646,2016000.0,61591.68,0.03055142857142857,-0.001666471038707887,-0.05172500562959041,1970-01-01 01:00:45.315,-24.0,1970-01-01 01:00:45.349,-58.0,34.0,360000.0,8323.2,0.02312,-0.017543851099487768,-0.039473092079355114,5.599984444487654,-82.0,0.0,False
133065271.0,576000.0,25593.36,0.04443291666666667,108000.0,4217.4,0.03904999999999999,-0.005382916666666682,-0.1211470475154496,1970-01-01 01:00:45.120,171.0,1970-01-01 01:00:45.167,124.0,47.0,36000.0,832.32,0.02312,-0.8124985894121711,-0.09889083658019454,2.999916668981417,295.0,0.5016246343100772,True
133066003.0,810000.0,23986.62,0.02961311111111111,864000.0,25669.8,0.02971041666666667,9.730555555555881e-05,0.003285894386120372,1970-01-01 01:00:45.307,-16.0,1970-01-01 01:00:45.350,-59.0,43.0,216000.0,4123.44,0.01909,0.06666658436224153,0.0024563977134395157,3.999981481567215,-75.0,0.0,False
133066421.0,36000.0,1234.8,0.0343,72000.0,2934.0,0.04075,0.006450000000000004,0.1880466472303208,1970-01-01 01:00:45.351,-60.0,1970-01-01 01:00:45.352,-61.0,1.0,36000.0,960.84,0.02669,0.9999722229938057,0.14559819413092562,1.9999444459876115,-121.0,0.0,False
133066424.0,1008000.0,31706.64,0.031455,180000.0,4838.4,0.02688,-0.004574999999999996,-0.1454458750596088,1970-01-01 01:00:45.329,-38.0,1970-01-01 01:00:45.335,-44.0,6.0,36000.0,960.84,0.02669,-0.8214277565200828,-0.11036063201061382,4.999861114969029,-82.0,0.0,False
133066428.0,394200.0,10801.53,0.02740114155251142,252000.0,7451.64,0.02957,0.002168858447488584,0.07915212011631682,1970-01-01 01:00:45.294,-3.0,1970-01-01 01:00:45.337,-46.0,43.0,144000.0,3843.36,0.02669,-0.36072967851426047,0.05798909759060413,1.749987847306616,-49.0,0.0,False
133066431.0,756000.0,21558.25,0.0285162037037037,149370.0,4411.28,0.02953257012787039,0.001016366424166686,0.03564171566198621,1970-01-01 01:00:45.279,12.0,1970-01-01 01:00:45.307,-16.0,28.0,108000.0,2891.27,0.02677101851851852,-0.8024195735190827,0.026388021830639367,1.3830427496041704,-4.0,0.0,False
133066450.0,504000.0,17266.32,0.03425857142857143,1135800.0,35866.95,0.03157857897517168,-0.002679992453399747,-0.07822837735623298,1970-01-01 01:00:45.196,95.0,1970-01-01 01:00:45.218,73.0,22.0,3600.0,47.66,0.01323888888888889,1.2535689413314657,-0.06055307179819317,315.41238544848653,168.0,-93.96169595960114,False
133066451.0,9930600.0,288682.89,0.02907003504319981,14090400.0,401719.7,0.02851017004485323,-0.0005598649983465792,-0.01925917865302145,1970-01-01 01:00:45.355,-64.0,1970-01-01 01:00:45.352,-61.0,-3.0,288000.0,3813.12,0.01324,0.41888703412814593,-0.014329779784623574,48.92483012211763,-125.0,0.0,False
133066452.0,6197400.0,185834.16,0.02998582631426082,9718200.0,296880.1,0.03054887736412093,0.000563051049860111,0.01877723975184676,1970-01-01 01:00:45.316,-25.0,1970-01-01 01:00:45.355,-64.0,39.0,1155600.0,15300.14,0.01323999653859467,0.5681091154178985,0.014081265832420739,8.409650043570402,-89.0,0.0,False
133066461.0,3996000.0,135393.3,0.03388220720720721,3600000.0,117084.96,0.0325236,-0.001358607207207208,-0.04009795462552432,1970-01-01 01:00:45.251,40.0,1970-01-01 01:00:45.308,-17.0,57.0,3600.0,47.66,0.01323888888888889,-0.09909907429953095,-0.0309603206783106,999.7222993612885,23.0,-299.2451572558914,False
133066531.0,108000.0,4206.6,0.03895000000000001,288000.0,10026.0,0.0348125,-0.004137500000000002,-0.1062259306803595,1970-01-01 01:00:45.272,19.0,1970-01-01 01:00:45.303,-12.0,31.0,36000.0,1093.5,0.030375,1.6666512347107898,-0.08452502553626151,7.999777783950446,7.0,-2.4671353921551513,False
133066550.0,288000.0,11971.08,0.04156625,322200.0,14858.95,0.04611716325263811,0.004550913252638109,0.109485778790199,1970-01-01 01:00:44.748,543.0,1970-01-01 01:00:45.161,130.0,413.0,1800.0,23.83,0.01323888888888889,0.11874958767504279,0.0882537173565677,178.90061077179345,673.0,-52.420812829129396,False
133067502.0,3222000.0,134332.38,0.04169223463687151,2988000.0,125947.08,0.04215096385542168,0.000458729218550169,0.01100274961382092,1970-01-01 01:00:45.193,98.0,1970-01-01 01:00:45.261,30.0,68.0,180000.0,3535.2,0.01964,-0.072625675783465,0.00887423849583323,16.59990777829012,128.0,-3.987996997578829,False
133067532.0,4536000.0,203825.54,0.04493508377425044,20664000.0,904281.92,0.04376122338366241,-0.001173860390588033,-0.02612347172835807,1970-01-01 01:00:45.342,-51.0,1970-01-01 01:00:45.345,-54.0,3.0,1881000.0,36942.84,0.01964,3.555554771703093,-0.021368136897940856,10.985640092695325,-105.0,0.0,False
133068500.0,2856600.0,91022.06,0.03186377511727228,4548600.0,163488.35,0.03594256474519632,0.004078789627924038,0.1280071056524958,1970-01-01 01:00:45.237,54.0,1970-01-01 01:00:45.336,-45.0,99.0,775800.0,12955.86,0.0167,0.5923123320337702,0.09743004820989491,5.863101491232932,9.0,-1.4955931380231804,False
133068501.0,5238000.0,178330.32,0.03404549828178694,3564000.0,130397.4,0.03658737373737374,0.002541875455586796,0.07466113242192152,1970-01-01 01:00:45.320,-29.0,1970-01-01 01:00:45.344,-53.0,24.0,367200.0,6132.24,0.0167,-0.319587567852698,0.05771022135621691,9.705855920871675,-82.0,0.0,False
133100502.0,240000.0,13191.12,0.054963,60000.0,3084.0,0.0514,-0.003563000000000004,-0.0648254280152103,1970-01-01 01:00:45.001,290.0,1970-01-01 01:00:45.168,123.0,167.0,60000.0,3114.45,0.0519075,-0.7499968750130208,-0.05484660499053314,0.9999833336111065,413.0,1.141146578183744,True
133121045.0,150000.0,17765.62,0.1184374666666667,24000.0,2450.4,0.1021,-0.01633746666666666,-0.1379417098868488,1970-01-01 01:00:45.272,19.0,1970-01-01 01:00:45.301,-10.0,29.0,30000.0,2799.23,0.09330766666666666,-0.839994400037333,-0.12720171995502863,0.7999733342221926,9.0,0.49796368233435706,True
133160110.0,7766000.0,520720.64,0.06705133144475921,4664000.0,334830.65,0.07179044811320755,0.00473911666844834,0.07067893457645506,1970-01-01 01:00:45.355,-64.0,1970-01-01 01:00:45.349,-58.0,-6.0,726000.0,36822.72,0.05072,-0.3994333763284347,0.06150596725049429,6.424233575435847,-122.0,0.0,False
133200405.0,376250.0,23075.96,0.06133145514950166,132000.0,8650.32,0.06553272727272727,0.004201272123225609,0.06850109968831786,1970-01-01 01:00:45.147,144.0,1970-01-01 01:00:45.152,139.0,5.0,12000.0,492.18,0.041015,-0.6491677098532629,0.058897888938621495,10.999083409715857,283.0,-1.986959440114261,False
134055103.0,10500.0,570.26,0.05431047619047619,10500.0,626.54,0.05967047619047619,0.005360000000000004,0.09869182478167861,1970-01-01 01:00:45.294,-3.0,1970-01-01 01:00:45.301,-10.0,7.0,39000.0,1367.49,0.03506384615384615,0.0,0.08334567425880408,0.26922386605471654,-13.0,0.0,False
134059411.0,957000.0,60872.43,0.06360755485893417,866960.0,56869.78,0.06559677493771339,0.001989220078779219,0.03127333039590686,1970-01-01 01:00:45.303,-12.0,1970-01-01 01:00:45.307,-16.0,4.0,57000.0,2478.56,0.04348350877192982,-0.09408558611746487,0.027024672706374736,15.20955772705742,-28.0,0.0,False
134060502.0,1140000.0,42921.3,0.03765026315789474,720000.0,27075.6,0.037605,-4.526315789474267e-05,-0.00120220030614186,1970-01-01 01:00:45.351,-60.0,1970-01-01 01:00:45.348,-57.0,-3.0,150000.0,5278.88,0.03519253333333333,-0.3684207294555005,-0.0009499036289633465,4.799968000213332,-117.0,0.0,False
134060503.0,1530000.0,62212.5,0.04066176470588236,1410000.0,56374.5,0.03998191489361702,-0.0006798498122653346,-0.01671963371936446,1970-01-01 01:00:45.272,19.0,1970-01-01 01:00:45.294,-3.0,22.0,180000.0,6633.45,0.0368525,-0.07843132128671812,-0.013419386715251884,7.833289815056583,16.0,-1.7571310019766657,False
134140101.0,781950.0,39670.27,0.05073248928959652,453050.0,21700.3,0.04789824522679616,-0.002834244062800362,-0.05586644973444201,1970-01-01 01:00:45.303,-12.0,1970-01-01 01:00:45.303,-12.0,0.0,16250.0,673.4,0.04144,-0.4206145909398415,-0.04666767484674579,27.878284413266876,-24.0,0.0,False
134320133.0,220000.0,18820.56,0.085548,372900.0,34535.67,0.09261375703942075,0.00706575703942075,0.08259406461192255,1970-01-01 01:00:45.336,-45.0,1970-01-01 01:00:45.348,-57.0,12.0,132000.0,8627.23,0.06535780303030303,0.6949968409234504,0.07394981621196416,2.8249785986469798,-102.0,0.0,False
134320136.0,174900.0,15158.62,0.08667021154945684,197444.0,18163.64,0.09199388180952574,0.0053236702600689,0.06142445212598841,1970-01-01 01:00:45.308,-17.0,1970-01-01 01:00:45.331,-40.0,23.0,22000.0,1437.94,0.0653609090909091,0.12889577532432633,0.05507043146735322,8.974319349120494,-57.0,0.0,False
134321006.0,651200.0,58408.74,0.08969401105651105,748000.0,61793.38,0.08261147058823529,-0.007082540468275764,-0.07896335981466435,1970-01-01 01:00:45.351,-60.0,1970-01-01 01:00:45.343,-52.0,-8.0,243100.0,14057.16,0.05782459893048128,0.14864842038018983,-0.0710427877584448,3.07691041994891,-112.0,0.0,False
135030110.0,697000.0,66826.32,0.09587707317073171,136000.0,15229.38,0.1119807352941176,0.01610366212338589,0.1679615531724621,1970-01-01 01:00:45.342,-51.0,1970-01-01 01:00:45.345,-54.0,3.0,85000.0,5474.0,0.0644,-0.8048768940073256,0.15209772655330192,1.5999811766920389,-105.0,0.0,False
135030111.0,422450.0,45721.03,0.1082282636998461,655350.0,71379.95,0.1089188220035096,0.0006905583036634633,0.006380572690130342,1970-01-01 01:00:45.327,-36.0,1970-01-01 01:00:45.331,-40.0,4.0,17000.0,1094.8,0.0644,0.5513065420604993,0.005840890173407513,38.547732486324335,-76.0,0.0,False
135030114.0,8392900.0,853417.72,0.1016832942129657,8289200.0,884767.44,0.1067373739323457,0.005054079719379975,0.04970413044245694,1970-01-01 01:00:45.355,-64.0,1970-01-01 01:00:45.352,-61.0,-3.0,249050.0,16038.82,0.0644,-0.012355680115850289,0.045253676971083026,33.283142810107165,-125.0,0.0,False
135030117.0,238000.0,26538.38,0.1115057983193277,204000.0,26229.92,0.1285780392156863,0.01707224089635857,0.1531063061623709,1970-01-01 01:00:45.254,37.0,1970-01-01 01:00:45.280,11.0,26.0,51000.0,3284.4,0.0644,-0.14285654261956882,0.14050556543393303,3.999921570165291,48.0,-0.4068565617283779,False
135030207.0,773500.0,84113.58,0.1087441241111829,1275000.0,146595.45,0.1149768235294118,0.006232699418228863,0.0573152753693283,1970-01-01 01:00:45.281,10.0,1970-01-01 01:00:45.302,-11.0,21.0,255020.0,16423.29,0.06440000784252216,0.6483508101476275,0.05248848702941328,4.99958826920136,-1.0,-inf,False
135030210.0,253300.0,18265.4,0.07210975128306357,629000.0,51849.83,0.08243216216216216,0.01032241087909859,0.143148612988255,1970-01-01 01:00:45.264,27.0,1970-01-01 01:00:45.264,27.0,0.0,16150.0,1072.2,0.06639009287925697,1.4832156209410938,0.1257147990074079,38.94495696860876,54.0,-11.352128099619943,False
135060113.0,480250.0,77634.03,0.1616533680374805,526150.0,83685.05,0.1590516962843296,-0.002601671753150875,-0.01609413886475696,1970-01-01 01:00:45.335,-44.0,1970-01-01 01:00:45.336,-45.0,1.0,426700.0,29783.66,0.0698,0.09557502222795997,-0.015156543579050542,1.2330648393137116,-89.0,0.0,False
135060909.0,3511350.0,369891.63,0.1053417147251057,2061250.0,236402.05,0.11468868405094,0.009346969325834273,0.08872999030085697,1970-01-01 01:00:45.344,-53.0,1970-01-01 01:00:45.355,-64.0,11.0,301750.0,20944.59,0.06941040596520298,-0.4129749489583924,0.08103719758381378,6.830963277669337,-117.0,0.0,False
135060910.0,34000.0,3827.38,0.11257,38250.0,4718.18,0.1233511111111111,0.0107811111111111,0.09577250698330907,1970-01-01 01:00:45.236,55.0,1970-01-01 01:00:45.226,65.0,-10.0,106250.0,9686.13,0.09116357647058823,0.12499632363754007,0.08795880811871666,0.35999661179659487,120.0,0.7960684668653645,True
135061014.0,425000.0,39559.85,0.093082,357000.0,34693.77,0.09718142857142856,0.004099428571428559,0.04404104522279882,1970-01-01 01:00:45.351,-60.0,1970-01-01 01:00:45.317,-26.0,-34.0,51000.0,4488.34,0.08800666666666666,-0.15999962353029756,0.039768616940188975,6.999862747789259,-86.0,0.0,False
135061015.0,272000.0,26164.36,0.0961925,119000.0,11764.68,0.09886285714285714,0.002670357142857141,0.02776055454278806,1970-01-01 01:00:45.279,12.0,1970-01-01 01:00:45.295,-4.0,16.0,68000.0,6015.52,0.08846352941176472,-0.5624979319928971,0.025146381739361453,1.749974265084337,8.0,0.07817273919193968,True
135061019.0,391000.0,38461.82,0.09836782608695652,848300.0,82064.0,0.09673936107509136,-0.001628465011865157,-0.01655485412908897,1970-01-01 01:00:45.351,-60.0,1970-01-01 01:00:45.307,-16.0,-44.0,170000.0,15038.8,0.0884635294117647,1.1695622261835648,-0.015027200144796152,4.989970647231487,-76.0,0.0,False
135062142.0,44557000.0,4224557.7,0.09481243575644681,41751150.0,3671584.17,0.08793971351687319,-0.006872722239573623,-0.07248756120165713,1970-01-01 01:00:45.355,-64.0,1970-01-01 01:00:45.352,-61.0,-3.0,2492200.0,173955.56,0.0698,-0.06297214662180697,-0.06557162983545009,16.75272179089889,-125.0,0.0,False
135062150.0,2737000.0,257956.64,0.094247950310559,3199400.0,280729.13,0.08774430518222166,-0.006503645128337343,-0.06900569303530744,1970-01-01 01:00:45.350,-59.0,1970-01-01 01:00:45.352,-61.0,2.0,85000.0,5933.0,0.0698,0.16894403765289087,-0.06238631175925006,37.63955718168022,-120.0,0.0,False
135292152.0,1752000.0,90293.2,0.05153721461187214,4323600.0,240705.44,0.05567245813673791,0.004135243524865766,0.08023800967918761,1970-01-01 01:00:45.314,-23.0,1970-01-01 01:00:45.307,-16.0,-7.0,720000.0,19605.6,0.02723,1.4678073813884809,0.06719906890403793,6.004991659733806,-39.0,0.0,False
135292168.0,314400.0,21765.96,0.06923015267175572,387600.0,30153.73,0.07779600103199175,0.008565848360236022,0.1237300226802864,1970-01-01 01:00:45.352,-61.0,1970-01-01 01:00:45.352,-61.0,0.0,24000.0,653.52,0.02723,0.2328236869475606,0.10811349052580597,16.149327111370358,-122.0,0.0,False
135292430.0,1608000.0,140932.78,0.08764476368159203,10488000.0,870537.09,0.08300315503432494,-0.004641608647267093,-0.05295933781200857,1970-01-01 01:00:45.331,-40.0,1970-01-01 01:00:45.337,-46.0,6.0,3048000.0,97322.64,0.03193,5.522384625382696,-0.04753566368804811,3.4409437529712097,-86.0,0.0,False
135320904.0,512000.0,42080.08,0.08218765625,400000.0,34080.48,0.0852012,0.00301354375,0.0366666223068017,1970-01-01 01:00:45.322,-31.0,1970-01-01 01:00:45.331,-40.0,9.0,16000.0,1029.43,0.064339375,-0.21874957275474072,0.032689232730114016,24.998437597650145,-71.0,0.0,False
135320906.0,156000.0,12539.84,0.08038358974358975,272000.0,20868.96,0.07672411764705882,-0.003659472096530933,-0.04552511412097966,1970-01-01 01:00:45.328,-37.0,1970-01-01 01:00:45.342,-51.0,14.0,38400.0,2461.55,0.06410286458333334,0.7435849770193781,-0.040488235828124684,7.083148876331346,-88.0,0.0,False
135325102.0,216000.0,72888.48,0.3374466666666667,132000.0,48662.52,0.3686554545454545,0.03120878787878784,0.09248509753280865,1970-01-01 01:00:44.992,299.0,1970-01-01 01:00:45.230,61.0,238.0,188300.0,60860.21,0.3232087626128518,-0.38888708848570147,0.08982324734382592,0.7010053053356063,360.0,1.0661754771428396,True
135900206.0,64000.0,4863.52,0.0759925,48000.0,4001.92,0.08337333333333334,0.007380833333333336,0.09712581285433873,1970-01-01 01:00:45.351,-60.0,1970-01-01 01:00:45.323,-32.0,-28.0,16000.0,826.08,0.05163,-0.24999609381103421,0.08583112868370306,2.9998125117180177,-92.0,0.0,False
136130101.0,80000.0,35678.64,0.445983,24000.0,10162.48,0.4234366666666666,-0.02254633333333345,-0.05055424384636509,1970-01-01 01:00:45.308,-17.0,1970-01-01 01:00:45.316,-25.0,8.0,16000.0,6330.72,0.39567,-0.6999912501093737,-0.04944555681534936,1.4999062558590088,-42.0,0.0,False
136130102.0,16000.0,6796.8,0.4248,24400.0,11023.21,0.4517709016393442,0.02697090163934418,0.06349082306813601,1970-01-01 01:00:45.264,27.0,1970-01-01 01:00:45.264,27.0,0.0,4000.0,1582.68,0.39567,0.5249671895506531,0.06203059254678974,6.098475381154711,54.0,-1.197972252674473,False
136170112.0,313500.0,44108.38,0.1406965869218501,88000.0,13948.0,0.1585,0.01780341307814992,0.1265376329849339,1970-01-01 01:00:44.896,395.0,1970-01-01 01:00:45.132,159.0,236.0,1100.0,124.97,0.1136090909090909,-0.7192959512090871,0.11814078501580537,79.92733878292461,554.0,-22.52224738376853,False
136170115.0,112745.0,16061.2,0.1424559847443346,231000.0,35541.02,0.1538572294372294,0.01140124469289483,0.08003345533960274,1970-01-01 01:00:45.237,54.0,1970-01-01 01:00:45.247,44.0,10.0,11000.0,1372.17,0.1247427272727273,1.0488620438862577,0.07478384474059493,20.998091082628854,98.0,-5.7100187368757345,False
136170121.0,110000.0,15559.06,0.141446,76990.0,10609.4,0.1378023119885699,-0.003643688011430085,-0.02576027608719996,1970-01-01 01:00:45.118,173.0,1970-01-01 01:00:45.299,-8.0,181.0,11000.0,1372.17,0.1247427272727273,-0.3000881810165362,-0.02405932154979389,6.998454685937642,165.0,-0.9823005294950642,False
136170151.0,1540000.0,190612.05,0.1237740584415584,1301300.0,160417.52,0.1232748174902021,-0.000499240951356339,-0.004033486157295732,1970-01-01 01:00:45.355,-64.0,1970-01-01 01:00:45.349,-58.0,-6.0,99000.0,8479.35,0.08565,-0.1549998993507147,-0.0037319713341465327,13.144311673619459,-122.0,0.0,False
136170152.0,2519000.0,348137.02,0.1382044541484716,2575650.0,356592.59,0.1384476112825889,0.0002431571341172667,0.001759401573671754,1970-01-01 01:00:45.339,-48.0,1970-01-01 01:00:45.348,-57.0,9.0,86900.0,7442.99,0.08565005753739931,0.022489074041653814,0.0016406870867300065,29.63889943729071,-105.0,0.0,False
136170153.0,1571900.0,213911.49,0.1360846682358929,1811150.0,250325.3,0.1382134555392982,0.002128787303405349,0.01564310903646583,1970-01-01 01:00:45.351,-60.0,1970-01-01 01:00:45.348,-57.0,-3.0,132000.0,11305.8,0.08564999999999999,0.15220424187019413,0.014572284204170217,13.720729388413725,-117.0,0.0,False
136170154.0,99000.0,13333.65,0.1346833333333333,66000.0,9420.4,0.1427333333333333,0.008049999999999974,0.05976983046652623,1970-01-01 01:00:45.140,151.0,1970-01-01 01:00:45.331,-40.0,191.0,22000.0,1884.3,0.08565,-0.3333299663639761,0.05563875129593348,2.9998636425617016,111.0,0.13261192114051445,True
136170157.0,331100.0,40113.8,0.1211531259438236,491700.0,63648.38,0.1294455562334757,0.00829243028965207,0.06844586324167244,1970-01-01 01:00:45.344,-53.0,1970-01-01 01:00:45.345,-54.0,1.0,66000.0,5652.9,0.08564999999999999,0.4850483689267021,0.06322708841269967,7.44988712292238,-107.0,0.0,False
136170180.0,66000.0,10125.94,0.1534233333333333,33000.0,4474.47,0.13559,-0.01783333333333334,-0.1162361222760554,1970-01-01 01:00:44.950,341.0,1970-01-01 01:00:45.103,188.0,153.0,11000.0,1372.17,0.1247427272727273,-0.4999924243572067,-0.10912354416953929,2.9997272975184073,529.0,0.5264796481947813,True
136170183.0,132000.0,17415.6,0.1319363636363636,76450.0,10698.3,0.1399385219097449,0.008002158273381271,0.06065165093860263,1970-01-01 01:00:45.343,-52.0,1970-01-01 01:00:45.320,-29.0,-23.0,11000.0,1372.17,0.1247427272727273,-0.4208301452261725,0.05637849292717223,6.949368239250977,-81.0,0.0,False
136170185.0,341000.0,48110.7,0.1410870967741935,33000.0,4362.82,0.1322066666666667,-0.008880430107526843,-0.06294289350740384,1970-01-01 01:00:45.196,95.0,1970-01-01 01:00:45.295,-4.0,99.0,22000.0,2744.35,0.1247431818181818,-0.9032231577033498,-0.058776892912298435,1.4999318212808508,91.0,0.7371004949190174,True
136170186.0,746900.0,104135.39,0.1394234703440889,22000.0,2598.75,0.118125,-0.0212984703440889,-0.152761011410242,1970-01-01 01:00:44.966,325.0,1970-01-01 01:00:44.995,296.0,29.0,1100.0,124.97,0.1136090909090909,-0.9705436195693941,-0.1425376501766642,19.981834695731152,621.0,-4.388291774265358,False
136170330.0,1407450.0,550291.31,0.3909846246758322,803000.0,286361.39,0.3566144333748443,-0.03437019130098795,-0.08790675932457571,1970-01-01 01:00:45.340,-49.0,1970-01-01 01:00:45.352,-61.0,12.0,113850.0,25872.41,0.2272499780412824,-0.42946432948642616,-0.08571448675563016,7.053078145997839,-110.0,0.0,False
136170331.0,719400.0,276300.12,0.3840702251876564,799150.0,315456.52,0.3947400613151474,0.01066983612749101,0.02778095105466125,1970-01-01 01:00:45.351,-60.0,1970-01-01 01:00:45.331,-40.0,-20.0,88000.0,19998.0,0.22725,0.11085611501791073,0.027075976426308355,9.081146805149942,-100.0,0.0,False
136170332.0,154000.0,58701.94,0.3811814285714286,33000.0,11758.01,0.3563033333333334,-0.02487809523809514,-0.06526575896242359,1970-01-01 01:00:45.301,-10.0,1970-01-01 01:00:45.307,-16.0,6.0,40150.0,9124.09,0.2272500622665006,-0.7857091837065993,-0.06359733213549648,0.8218973375507459,-26.0,0.0,False
136170334.0,132000.0,53544.37,0.4056391666666667,341000.0,146078.35,0.4283822580645161,0.02274309139784941,0.0560672964219417,1970-01-01 01:00:45.256,35.0,1970-01-01 01:00:45.328,-37.0,72.0,33000.0,7499.25,0.22725,1.5833213384747085,0.054718354817819316,10.333020211508742,-2.0,0.0,False
136175002.0,56000.0,14989.52,0.26767,160000.0,42015.32,0.26259575,-0.005074250000000002,-0.01895711136847612,1970-01-01 01:00:45.147,144.0,1970-01-01 01:00:45.119,172.0,-28.0,16000.0,3659.04,0.22869,1.8571096944697416,-0.018274390463499844,9.999375039060059,316.0,-2.401510187190784,False
136178304.0,231000.0,24594.69,0.1064705194805195,262900.0,34581.32,0.1315379231647014,0.02506740368418192,0.2354398551494662,1970-01-01 01:00:45.110,181.0,1970-01-01 01:00:45.342,-51.0,232.0,43450.0,4077.06,0.09383337169159954,0.1380946402829425,0.2152253101985573,6.050493659524522,130.0,-0.9245820873417203,False
136910303.0,139500.0,16197.57,0.1161116129032258,108000.0,13369.86,0.123795,0.0076833870967742,0.06617242586387964,1970-01-01 01:00:45.273,18.0,1970-01-01 01:00:45.275,16.0,2.0,27000.0,2250.45,0.08335,-0.22580483294026565,0.06092529403037764,3.999851857338617,34.0,-0.433329553827698,False
136910501.0,270000.0,37575.27,0.1391676666666667,81000.0,10675.26,0.1317933333333333,-0.007374333333333372,-0.05298884079874903,1970-01-01 01:00:45.106,185.0,1970-01-01 01:00:45.351,-60.0,245.0,54000.0,4872.42,0.09023,-0.6999974074170096,-0.04943654009023428,1.499972222736616,125.0,0.7371512448124606,True
136910701.0,616500.0,86307.55,0.1399960259529603,522000.0,73868.42,0.1415103831417625,0.001514357188802246,0.01081714411887007,1970-01-01 01:00:45.337,-46.0,1970-01-01 01:00:45.335,-44.0,-2.0,81000.0,6751.35,0.08335000000000001,-0.15328442289631322,0.010095982071399398,6.444364884384143,-90.0,0.0,False
136911001.0,1982250.0,688222.7,0.3471926850800857,1305000.0,471393.63,0.3612211724137931,0.01402848733370737,0.04040548069286504,1970-01-01 01:00:45.345,-54.0,1970-01-01 01:00:45.351,-60.0,6.0,15300.0,3644.92,0.2382300653594771,-0.341657035360305,0.03927428505587134,85.28854323246847,-114.0,0.0,False
143100152.0,46000000.0,791096.64,0.01719775304347826,56607600.0,967784.96,0.01709637857814145,-0.000101374465336812,-0.005894634321153676,1970-01-01 01:00:45.306,-15.0,1970-01-01 01:00:45.350,-59.0,44.0,6716000.0,89860.08,0.01338,0.23059999498695663,-0.003727310310331704,8.428765868259996,-74.0,0.0,False
143100154.0,28612000.0,465036.5,0.01625319795889836,37168000.0,596015.64,0.01603571997417133,-0.0002174779847270332,-0.01338062732497314,1970-01-01 01:00:45.275,16.0,1970-01-01 01:00:45.299,-8.0,24.0,920000.0,12309.6,0.01338,0.29903535932352304,-0.008283866410008932,40.399956087004256,8.0,-11.768595745149089,False
143100156.0,1840000.0,36068.8,0.01960260869565218,2208000.0,42814.88,0.01939079710144927,-0.0002118115942029049,-0.01080527584320368,1970-01-01 01:00:45.247,44.0,1970-01-01 01:00:45.338,-47.0,91.0,644000.0,8616.72,0.01338,0.1999998913044069,-0.007155166505106501,3.4285661047110176,-3.0,0.0,False
143100157.0,8096000.0,139859.8,0.01727517292490119,7268000.0,122185.12,0.01681138139790864,-0.0004637915269925449,-0.02684728708700888,1970-01-01 01:00:45.274,17.0,1970-01-01 01:00:45.350,-59.0,76.0,1380000.0,18464.4,0.01338,-0.10227271464022794,-0.017004164493091847,5.266662850244312,-42.0,0.0,False
143100159.0,23184000.0,441516.91,0.01904403511042098,31372000.0,526150.16,0.01677132984827235,-0.002272705262148629,-0.1193394807860334,1970-01-01 01:00:45.320,-29.0,1970-01-01 01:00:45.355,-64.0,35.0,3680000.0,49238.4,0.01338,0.3531745879410547,-0.07825032759766855,8.524997683424543,-93.0,0.0,False
143120221.0,22080000.0,385160.8,0.0174438768115942,18800000.0,331815.53,0.01764976223404256,0.0002058854224483569,0.01180273311214361,1970-01-01 01:00:45.218,73.0,1970-01-01 01:00:45.324,-33.0,106.0,2760000.0,39826.8,0.01443,-0.14855071790984067,0.0075020531487510755,6.811591734930531,40.0,-1.2576983023950956,False
143120225.0,17120000.0,296281.6,0.01730616822429907,18000000.0,310422.4,0.01724568888888889,-6.047933541017403e-05,-0.003494669335598901,1970-01-01 01:00:45.330,-39.0,1970-01-01 01:00:45.342,-51.0,12.0,80000.0,1154.4,0.01443,0.05140186615643305,-0.002214859840948134,224.9971875351558,-90.0,0.0,False
143130109.0,41664000.0,754258.56,0.01810336405529954,53088000.0,944038.08,0.01778251356238698,-0.000320850492912559,-0.01772325253651594,1970-01-01 01:00:45.355,-64.0,1970-01-01 01:00:45.343,-52.0,-12.0,5472000.0,79836.48,0.01459,0.27419354180603056,-0.01141680021940488,9.701752612983807,-116.0,0.0,False
143131023.0,55044000.0,658706.2,0.01196690284136327,93720000.0,1114303.8,0.0118897119078105,-7.719093355277283e-05,-0.00645036853528755,1970-01-01 01:00:45.354,-63.0,1970-01-01 01:00:45.352,-61.0,-2.0,10560000.0,117427.2,0.01112,0.7026378769232273,-0.0035139652644806956,8.874999159564474,-124.0,0.0,False
143131025.0,14160000.0,185376.48,0.0130915593220339,10560000.0,126691.6,0.01199731060606061,-0.001094248715973288,-0.0835842919133094,1970-01-01 01:00:45.262,29.0,1970-01-01 01:00:45.343,-52.0,81.0,1800000.0,20016.0,0.01112,-0.25423727018098374,-0.04738738950942819,5.866663407409218,-23.0,0.0,False
143170134.0,134890000.0,2125945.82,0.01576058877603973,152538500.0,2379140.39,0.01559698299117928,-0.0001636057848604551,-0.01038068990856352,1970-01-01 01:00:45.201,90.0,1970-01-01 01:00:45.300,-9.0,99.0,282000.0,3259.92,0.01156,0.13083623596385027,-0.006351011084522533,540.9147485292606,81.0,-161.43106137789758,False
152023017.0,3500000.0,56407.6,0.01611645714285714,400000.0,6965.6,0.017414,0.001297542857142855,0.08051042767286667,1970-01-01 01:00:44.957,334.0,1970-01-01 01:00:45.041,250.0,84.0,4000.0,52.24,0.01306,-0.8857140326531335,0.049682958528612424,99.9750062484379,584.0,-28.46240188699478,False
152270226.0,800000.0,15279.2,0.019099,400000.0,7169.6,0.017924,-0.001175000000000002,-0.06152154563066142,1970-01-01 01:00:45.351,-60.0,1970-01-01 01:00:45.350,-59.0,-1.0,320000.0,4467.2,0.01396,-0.49999937500078123,-0.04037939448091007,1.249996093762207,-119.0,0.0,False
152270228.0,2280000.0,41603.56,0.01824717543859649,1964000.0,33344.72,0.0169779633401222,-0.00126921209847429,-0.0695566337236857,1970-01-01 01:00:45.256,35.0,1970-01-01 01:00:45.315,-24.0,59.0,336000.0,4690.56,0.01396,-0.1385964304401621,-0.04493235443073925,5.84522069874792,11.0,-1.2060194796485795,False
152270229.0,6480000.0,118416.96,0.01827422222222222,4176000.0,71181.6,0.01704540229885058,-0.001228819923371642,-0.067243350137077,1970-01-01 01:00:45.328,-37.0,1970-01-01 01:00:45.338,-47.0,10.0,672000.0,9381.12,0.01396,-0.35555550068587954,-0.04346078607268804,6.214276466850496,-84.0,0.0,False
152270232.0,2792000.0,51126.16,0.01831166189111748,904000.0,15473.92,0.01711716814159292,-0.001194493749524558,-0.06523131306306922,1970-01-01 01:00:45.346,-55.0,1970-01-01 01:00:45.349,-58.0,3.0,288000.0,4020.48,0.01396,-0.6762175228447268,-0.042190873644874914,3.138877990006979,-113.0,0.0,False
152270234.0,2048000.0,43775.84,0.021374921875,2368000.0,46685.64,0.01971521959459459,-0.001659702280405406,-0.07764717410951502,1970-01-01 01:00:45.321,-30.0,1970-01-01 01:00:45.330,-39.0,9.0,160000.0,2233.6,0.01396,0.15624992370609195,-0.052899009183760906,14.799907500578122,-69.0,0.0,False
152270322.0,480000.0,10688.8,0.02226833333333333,480000.0,11003.2,0.02292333333333333,0.0006549999999999993,0.02941396602050742,1970-01-01 01:00:45.269,22.0,1970-01-01 01:00:45.337,-46.0,68.0,480000.0,6705.6,0.01397,0.0,0.02029853829864158,0.9999979166710069,-24.0,0.0,False
152270336.0,780000.0,17626.2,0.02259769230769231,720000.0,16569.6,0.02301333333333333,0.0004156410256410219,0.01839307394673821,1970-01-01 01:00:45.256,35.0,1970-01-01 01:00:45.330,-39.0,74.0,240000.0,3352.8,0.01397,-0.07692297830387397,0.012750627305692437,2.9999875000520833,-4.0,0.0,False
152270337.0,1996000.0,40503.0,0.02029208416833667,1920000.0,37785.6,0.01968,-0.0006120841683366733,-0.0301636915784016,1970-01-01 01:00:45.322,-31.0,1970-01-01 01:00:45.323,-32.0,1.0,48000.0,670.56,0.01397,-0.038076133228390166,-0.020206076443444753,39.999166684027415,-63.0,0.0,False
152270339.0,3040000.0,62475.2,0.02055105263157895,2560000.0,50457.6,0.01971,-0.0008410526315789472,-0.04092503905549722,1970-01-01 01:00:45.184,107.0,1970-01-01 01:00:45.314,-23.0,130.0,240000.0,3352.8,0.01397,-0.1578946849030642,-0.027529415818216267,10.666622222407407,84.0,-2.258582126789596,False
152270340.0,2800000.0,55668.0,0.01988142857142857,3120000.0,45899.2,0.01471128205128205,-0.00517014652014652,-0.2600490453476011,1970-01-01 01:00:45.294,-3.0,1970-01-01 01:00:45.331,-40.0,37.0,400000.0,5588.0,0.01397,0.11428567346940233,-0.17302206645802762,7.79998050004875,-43.0,0.0,False
152270344.0,320000.0,7148.8,0.02234,320000.0,7161.6,0.02238,3.999999999999837e-05,0.001790510295434126,1970-01-01 01:00:45.042,249.0,1970-01-01 01:00:45.217,74.0,175.0,160000.0,2235.2,0.01397,0.0,0.0012368583797154721,1.9999875000781244,323.0,0.5559050814590856,True
152270346.0,2720000.0,54052.8,0.01987235294117647,2308000.0,44701.32,0.01936798960138648,-0.000504363339789992,-0.0253801520777606,1970-01-01 01:00:45.281,10.0,1970-01-01 01:00:45.321,-30.0,40.0,480000.0,6705.6,0.01397,-0.15147053254759832,-0.016883950882046875,4.808323315993092,-20.0,0.0,False
152290201.0,1920000.0,18478.8,0.009624375,3120000.0,27156.0,0.008703846153846154,-0.0009205288461538452,-0.09564557139074956,1970-01-01 01:00:45.307,-16.0,1970-01-01 01:00:45.343,-52.0,36.0,720000.0,4204.8,0.005840000000000001,0.6249996744793362,-0.04690742233339127,4.3333273148231735,-68.0,0.0,False
152290202.0,5976000.0,51819.36,0.008671244979919678,11160000.0,91668.25,0.008214000896057347,-0.000457244083862331,-0.05273107667021149,1970-01-01 01:00:45.335,-44.0,1970-01-01 01:00:45.336,-45.0,1.0,120000.0,700.8,0.00584,0.8674697343591475,-0.024489212388037453,92.99922500645827,-89.0,0.0,False
152290203.0,26454000.0,212410.28,0.008029420125500869,31944000.0,245211.4,0.007676289757074881,-0.0003531303684259877,-0.04397956052946722,1970-01-01 01:00:45.355,-64.0,1970-01-01 01:00:45.352,-61.0,-3.0,2400000.0,14016.0,0.00584,0.207530044321084,-0.019586340878846066,13.309994454168978,-125.0,0.0,False
152290208.0,8712000.0,78401.46,0.008999249311294767,9000000.0,74876.4,0.0083196,-0.0006796493112947669,-0.075522889497211,1970-01-01 01:00:45.346,-55.0,1970-01-01 01:00:45.348,-57.0,2.0,684000.0,3994.56,0.00584,0.03305784744515066,-0.035772429750196795,13.157875500182017,-112.0,0.0,False
152290209.0,978000.0,7889.58,0.008067055214723926,720000.0,5721.6,0.007946666666666668,-0.0001203885480572583,-0.01492348135135187,1970-01-01 01:00:45.256,35.0,1970-01-01 01:00:45.260,31.0,4.0,720000.0,4204.8,0.005840000000000001,-0.2638034112439558,-0.0066634294646504685,0.9999986111130401,66.0,0.621412649810398,True
152290216.0,17640000.0,130471.2,0.007396326530612245,9000000.0,68466.78,0.00760742,0.0002110934693877551,0.02854031234479333,1970-01-01 01:00:45.329,-38.0,1970-01-01 01:00:45.344,-53.0,15.0,1446000.0,8444.64,0.00584,-0.48979589060114,0.012134370380798197,6.224062085710868,-91.0,0.0,False
152320101.0,4656000.0,76462.58,0.01642237542955326,5120000.0,91800.48,0.01792978125,0.001507405820446735,0.091789755197902,1970-01-01 01:00:45.336,-45.0,1970-01-01 01:00:45.345,-54.0,9.0,992000.0,12737.28,0.01284,0.09965633598446393,0.05705035205732151,5.161285119672258,-99.0,0.0,False
152320112.0,5280000.0,95242.17,0.01803828977272727,3920000.0,70879.04,0.01808138775510204,4.309798237476722e-05,0.002389249918799319,1970-01-01 01:00:45.323,-32.0,1970-01-01 01:00:45.345,-54.0,22.0,480000.0,6163.2,0.01284,-0.2575757087924794,0.0015371116685115526,8.166649652813224,-86.0,0.0,False
152320115.0,2956000.0,50119.46,0.01695516238159675,2856000.0,49847.6,0.01745364145658263,0.0004984790749858782,0.02939984081349352,1970-01-01 01:00:45.349,-58.0,1970-01-01 01:00:45.349,-58.0,0.0,320000.0,4108.8,0.01284,-0.03382948787906364,0.01849289824075434,8.924972109462159,-116.0,0.0,False
152320119.0,22080000.0,517952.02,0.02345797192028986,22636000.0,398804.07,0.01761813350415268,-0.005839838416137177,-0.2489489899630256,1970-01-01 01:00:45.355,-64.0,1970-01-01 01:00:45.345,-54.0,-10.0,880000.0,11299.2,0.01284,0.025181158279838845,-0.1745425105278343,25.72269804238859,-118.0,0.0,False
152320124.0,2660000.0,45780.6,0.01721075187969925,3456000.0,57698.43,0.01669514756944444,-0.0005156043102548073,-0.02995826759102737,1970-01-01 01:00:45.320,-29.0,1970-01-01 01:00:45.328,-37.0,8.0,80000.0,1027.2,0.01284,0.29924800780150085,-0.018948550651387078,43.199460006749916,-66.0,0.0,False
152320137.0,4160000.0,77975.55,0.01874412259615385,4196000.0,76165.65,0.01815196615824595,-0.0005921564379078974,-0.03159157943351285,1970-01-01 01:00:45.328,-37.0,1970-01-01 01:00:45.352,-61.0,24.0,80000.0,1027.2,0.01284,0.008653844073595174,-0.020600957149658542,52.44934438319521,-98.0,0.0,False
152320155.0,1720000.0,45073.2,0.0262053488372093,1104000.0,28303.68,0.02563739130434783,-0.0005679575328614711,-0.02167334372801865,1970-01-01 01:00:45.349,-58.0,1970-01-01 01:00:45.349,-58.0,0.0,240000.0,3081.6,0.01284,-0.35813932666318216,-0.015687116713477552,4.599980833413194,-116.0,0.0,False
152320156.0,684000.0,18032.04,0.02636263157894737,432000.0,11196.0,0.02591666666666667,-0.000445964912280699,-0.01691655519841338,1970-01-01 01:00:45.251,40.0,1970-01-01 01:00:45.348,-57.0,97.0,188000.0,2413.92,0.01284,-0.3684205140050965,-0.012264373971736861,2.297860117765331,-17.0,0.0,False
152320164.0,2720000.0,52273.6,0.01921823529411765,1600000.0,29569.12,0.0184807,-0.0007375352941176479,-0.03837684796914699,1970-01-01 01:00:45.126,165.0,1970-01-01 01:00:45.226,65.0,100.0,80000.0,1027.2,0.01284,-0.41176455449832555,-0.025242294296470805,19.999750003124962,230.0,-4.782863633624338,False
152320165.0,11544000.0,225799.92,0.01955993762993763,11172000.0,204885.08,0.01833915861081275,-0.001220779019124884,-0.06241221430360851,1970-01-01 01:00:45.351,-60.0,1970-01-01 01:00:45.307,-16.0,-44.0,240000.0,3081.6,0.01284,-0.032224529433079574,-0.04129843013905776,46.54980604247482,-76.0,0.0,False
152320173.0,1280000.0,20766.4,0.01622375,1516000.0,21937.58,0.01447069920844327,-0.001753050791556732,-0.1080545984471366,1970-01-01 01:00:45.322,-31.0,1970-01-01 01:00:45.328,-37.0,6.0,160000.0,2054.4,0.01284,0.18437485595714379,-0.06684973703443375,9.474940781620115,-68.0,0.0,False
152320181.0,8844000.0,145949.92,0.01650270465852556,4560000.0,68432.96,0.01500722807017544,-0.001495476588350118,-0.0906200904212105,1970-01-01 01:00:45.075,216.0,1970-01-01 01:00:45.239,52.0,164.0,400000.0,5136.0,0.01284,-0.48439614604295045,-0.056427319687503794,11.39997150007125,268.0,-2.1444448663506215,False
152320188.0,96000.0,2069.76,0.02156,144000.0,3227.2,0.02241111111111111,0.000851111111111108,0.03947639661925362,1970-01-01 01:00:44.544,747.0,1970-01-01 01:00:45.148,143.0,604.0,96000.0,1232.64,0.01284,0.4999947917209196,0.02696803267145463,1.4999843751627586,890.0,0.7530815288947674,True
152350101.0,19609600.0,373872.13,0.01906577033697781,13158400.0,256164.35,0.01946774303866732,0.0004019727016895125,0.02108347549481868,1970-01-01 01:00:45.355,-64.0,1970-01-01 01:00:45.349,-58.0,-6.0,2867200.0,46706.69,0.01629000069754464,-0.3289817064610341,0.01382976253610998,4.58928411367044,-122.0,0.0,False
152350105.0,4608000.0,119113.8,0.02584934895833333,3072000.0,82620.9,0.02689482421875,0.001045475260416664,0.04044493585126148,1970-01-01 01:00:45.127,164.0,1970-01-01 01:00:45.300,-9.0,173.0,1536000.0,25113.6,0.01635,-0.33333326099538607,0.02916301943535404,1.9999986979175144,155.0,0.504138966486198,True
152420158.0,8200000.0,152311.0,0.01857451219512195,100000.0,2712.43,0.0271243,0.00854978780487805,0.4602967612319531,1970-01-01 01:00:44.853,438.0,1970-01-01 01:00:44.942,349.0,89.0,100000.0,1415.0,0.01415,-0.9878047575847857,0.2992102803538887,0.999990000099999,787.0,1.2704019891462341,True
152420161.0,21325000.0,390771.8,0.01832458616647128,8080000.0,158811.26,0.01965485891089109,0.001330272744419811,0.07259496789367213,1970-01-01 01:00:45.352,-61.0,1970-01-01 01:00:45.351,-60.0,-1.0,1480000.0,20942.0,0.01415,-0.6211019638404707,0.046965302038357665,5.459455770637993,-121.0,0.0,False
152420163.0,2400000.0,43678.4,0.01819933333333333,6600000.0,129045.41,0.01955233484848485,0.001353001515151515,0.07434346579461783,1970-01-01 01:00:45.317,-26.0,1970-01-01 01:00:45.324,-33.0,7.0,1165000.0,16484.75,0.01415,1.7499992708336372,0.04797991140989793,5.665231188642757,-59.0,0.0,False
152420164.0,2600000.0,50117.0,0.01927576923076923,4000000.0,79329.83,0.0198324575,0.0005566882692307693,0.02888021030787956,1970-01-01 01:00:45.236,55.0,1970-01-01 01:00:45.330,-39.0,94.0,495000.0,7004.25,0.01415,0.5384613313610264,0.019015325091635248,8.08079175597625,16.0,-2.022936322408267,False
152420165.0,500000.0,8960.0,0.01792,1800000.0,34597.0,0.01922055555555556,0.001300555555555562,0.07257564484127019,1970-01-01 01:00:45.048,243.0,1970-01-01 01:00:45.181,110.0,133.0,1225000.0,17333.75,0.01415,2.5999948000104,0.04658150270614477,1.4693865556028118,353.0,-0.05627132459843753,False
152420166.0,2300000.0,46790.0,0.02034347826086956,2000000.0,40049.38,0.02002469,-0.0003187882608695625,-0.01567029279760619,1970-01-01 01:00:45.336,-45.0,1970-01-01 01:00:45.344,-53.0,8.0,70000.0,990.5,0.01415,-0.13043472589794528,-0.010505989396761626,28.571020413994084,-98.0,0.0,False
152421052.0,2608000.0,73320.64,0.02811374233128834,2464000.0,74527.07,0.03024637581168832,0.002132633480399975,0.07585733180838486,1970-01-01 01:00:45.250,41.0,1970-01-01 01:00:45.300,-9.0,50.0,105600.0,2411.92,0.02284015151515151,-0.055214702755098634,0.05595444975890633,23.333112375829774,32.0,-6.295258679580888,False
152421053.0,512000.0,14522.88,0.028365,870400.0,25920.63,0.02978013556985294,0.001415135569852941,0.04989020165178708,1970-01-01 01:00:45.327,-36.0,1970-01-01 01:00:45.169,122.0,-158.0,256000.0,5868.08,0.0229221875,0.6999986328151703,0.03688610894964006,3.3999867188018795,86.0,-0.34419120354412613,False
152430152.0,2600000.0,16899.0,0.006499615384615385,10800000.0,59508.25,0.005510023148148148,-0.0009895922364672374,-0.1522539685670641,1970-01-01 01:00:45.250,41.0,1970-01-01 01:00:45.258,33.0,8.0,740000.0,2967.4,0.004010000000000001,3.153844940828869,-0.05997668511654858,14.59457487219612,74.0,-4.449032984176924,False
152430158.0,17800000.0,121030.0,0.006799438202247191,12400000.0,75084.0,0.006055161290322581,-0.0007442769119246099,-0.1094615304656536,1970-01-01 01:00:45.352,-61.0,1970-01-01 01:00:45.338,-47.0,-14.0,1600000.0,6416.0,0.00401,-0.3033707694735523,-0.04430367866855518,7.749995156253028,-108.0,0.0,False
152430159.0,25200000.0,164378.0,0.006522936507936508,8720000.0,53597.2,0.006146467889908257,-0.0003764686180282506,-0.05771459182075408,1970-01-01 01:00:45.328,-37.0,1970-01-01 01:00:45.344,-53.0,16.0,1780000.0,7137.8,0.00401,-0.6539682280171338,-0.02278460719421275,4.898873652318173,-90.0,0.0,False
152430160.0,6400000.0,40984.0,0.00640375,2600000.0,15936.0,0.00612923076923077,-0.0002745192307692301,-0.04286851153921219,1970-01-01 01:00:45.324,-33.0,1970-01-01 01:00:45.352,-61.0,28.0,600000.0,2406.0,0.00401,-0.593749907226577,-0.016735150850825577,4.3333261111231485,-94.0,0.0,False
152440201.0,63347100.0,893640.11,0.01410704057486452,30192000.0,371995.02,0.01232097972972973,-0.001786060845134786,-0.1266077626739894,1970-01-01 01:00:45.348,-57.0,1970-01-01 01:00:45.343,-52.0,-5.0,3162000.0,34971.72,0.01106,-0.5233878027030787,-0.0740887642175806,9.548384077044885,-109.0,0.0,False
152440202.0,33354000.0,472249.74,0.01415871379744558,44058900.0,543528.67,0.01233641035068965,-0.001822303446755933,-0.1287054370069053,1970-01-01 01:00:45.355,-64.0,1970-01-01 01:00:45.352,-61.0,-3.0,494700.0,5471.38,0.01105999595714575,0.3209480026099418,-0.07543048284915789,89.06167563841593,-125.0,0.0,False
152440205.0,3978000.0,56771.16,0.01427128205128205,2142000.0,26678.1,0.0124547619047619,-0.001816520146520152,-0.1272850007443421,1970-01-01 01:00:45.307,-16.0,1970-01-01 01:00:45.331,-40.0,24.0,198900.0,2199.83,0.01105997988939165,-0.46153834551575024,-0.07484236484426665,10.769176625557439,-56.0,0.0,False
152440206.0,3366000.0,48004.26,0.01426151515151515,1428000.0,17420.58,0.01219928571428572,-0.002062229437229432,-0.1446010059464362,1970-01-01 01:00:45.324,-33.0,1970-01-01 01:00:45.331,-40.0,7.0,224400.0,2481.86,0.01105998217468806,-0.5757574047066534,-0.08500002676463692,6.363608005311919,-73.0,0.0,False
152440207.0,1938000.0,27640.98,0.01426263157894737,1428000.0,17806.14,0.01246928571428571,-0.001793345864661658,-0.125737375654347,1970-01-01 01:00:45.109,182.0,1970-01-01 01:00:45.344,-53.0,235.0,515100.0,5697.01,0.01106000776548243,-0.2631577589485248,-0.07391390578661468,2.7722718457156947,129.0,0.23555544521828842,True
152440208.0,306000.0,4343.16,0.01419333333333333,204000.0,2521.44,0.01236,-0.001833333333333333,-0.1291686237670267,1970-01-01 01:00:45.196,95.0,1970-01-01 01:00:45.295,-4.0,99.0,102000.0,1128.12,0.01106,-0.33333224401227446,-0.07577845136401212,1.9999803923490946,91.0,0.4195189611815646,True
152510101.0,38595000.0,630285.26,0.01633074906075917,36150000.0,647038.51,0.01789871396957123,0.001567964908812062,0.09601304281747208,1970-01-01 01:00:45.328,-37.0,1970-01-01 01:00:45.352,-61.0,24.0,483750.0,6196.84,0.01281000516795866,-0.06335017325171205,0.05954881515880637,74.72852769296601,-98.0,0.0,False
152510106.0,8685000.0,160761.12,0.01851020379965458,7125000.0,131124.0,0.01840336842105263,-0.000106835378601948,-0.005771701908757031,1970-01-01 01:00:45.337,-46.0,1970-01-01 01:00:45.338,-47.0,1.0,60000.0,768.6,0.01281,-0.17962001386067775,-0.003747268148368773,118.7480208663189,-93.0,0.0,False
152510107.0,2850000.0,52935.43,0.0185738350877193,3000000.0,55948.2,0.0186494,7.556491228070256e-05,0.00406835270819567,1970-01-01 01:00:45.271,20.0,1970-01-01 01:00:45.331,-40.0,60.0,750000.0,9607.5,0.01281,0.052631560480154216,0.0026445491845502904,3.9999946666737776,-20.0,0.0,False
153010112.0,954800.0,30834.85,0.03229456430666108,308000.0,11889.24,0.03860142857142857,0.006306864264767495,0.1952918207807077,1970-01-01 01:00:45.049,242.0,1970-01-01 01:00:45.303,-12.0,254.0,88000.0,2722.72,0.03094,-0.6774186453512303,0.14911760809353483,3.499960227724685,230.0,0.2118975457736152,True
153010114.0,723800.0,24060.01,0.03324124067421939,745800.0,22081.0,0.02960713327969965,-0.003634107394519744,-0.1093252634622093,1970-01-01 01:00:45.344,-53.0,1970-01-01 01:00:45.338,-47.0,-6.0,88000.0,2722.72,0.03094,0.030395094784339896,-0.08404262546255788,8.474903694276202,-100.0,0.0,False
153010115.0,7937600.0,320326.09,0.04035553441846403,4294400.0,132208.62,0.03078628446348733,-0.009569249954976697,-0.2371236087657519,1970-01-01 01:00:45.344,-53.0,1970-01-01 01:00:45.348,-57.0,4.0,264000.0,8168.16,0.03094,-0.4589799865223762,-0.19003372847668373,16.266605050738445,-110.0,0.0,False
153010225.0,156200.0,5164.92,0.03306606914212548,206800.0,7377.52,0.03567466150870406,0.00260859236657858,0.07889030762520506,1970-01-01 01:00:45.177,114.0,1970-01-01 01:00:45.187,104.0,10.0,52800.0,1633.63,0.03093996212121212,0.3239415880820225,0.06057187058261049,3.9165924887786217,218.0,-0.20646025121141498,False
153010311.0,635800.0,19229.76,0.03024498269896193,506000.0,15955.94,0.03153347826086957,0.001288495561907639,0.04260196062045897,1970-01-01 01:00:45.084,207.0,1970-01-01 01:00:45.149,142.0,65.0,39600.0,1225.22,0.03093989898989899,-0.2041519280403774,0.032016303039456254,12.777455114769829,349.0,-2.606807585730035,False
153100208.0,1302500.0,41082.28,0.03154109788867562,1400000.0,51928.16,0.03709154285714286,0.005550444968467239,0.1759750084812376,1970-01-01 01:00:45.320,-29.0,1970-01-01 01:00:45.331,-40.0,11.0,250000.0,4830.0,0.01932,0.0748559885942506,0.13361334318466164,5.599977600089599,-69.0,0.0,False
153100213.0,1747500.0,55242.3,0.03161218884120172,500000.0,15439.0,0.030878,-0.0007341888412017196,-0.02322486572789339,1970-01-01 01:00:45.352,-61.0,1970-01-01 01:00:45.295,-4.0,-57.0,50000.0,966.0,0.01932,-0.7138765585827991,-0.017643600628736284,9.99980000399992,-65.0,0.0,False
153100452.0,1607500.0,69121.76,0.04299953965785381,1300000.0,60817.5,0.04678269230769231,0.0037831526498385,0.08798123607696606,1970-01-01 01:00:45.324,-33.0,1970-01-01 01:00:45.324,-33.0,0.0,200000.0,3864.0,0.01932,-0.19129070526239175,0.07138085866898446,6.499967500162499,-66.0,0.0,False
153100453.0,450000.0,14615.5,0.03247888888888889,250000.0,7142.5,0.02857,-0.003908888888888889,-0.1203516814340939,1970-01-01 01:00:44.943,348.0,1970-01-01 01:00:45.337,-46.0,394.0,100000.0,1932.0,0.01932,-0.4444434567923182,-0.09201956527425387,2.4999750002499974,302.0,0.544491011119421,True
153100454.0,1045000.0,33937.1,0.03247569377990431,350000.0,10248.0,0.02928,-0.003195693779904307,-0.09840263310654125,1970-01-01 01:00:45.247,44.0,1970-01-01 01:00:45.253,38.0,6.0,150000.0,2898.0,0.01932,-0.6650711339032211,-0.0752358230206524,2.3333177778814806,82.0,0.39834129296997234,True
153100458.0,350000.0,16016.5,0.04576142857142857,100000.0,4561.5,0.045615,-0.0001464285714285682,-0.003199825180282763,1970-01-01 01:00:44.971,320.0,1970-01-01 01:00:45.217,74.0,246.0,300000.0,5796.0,0.01932,-0.7142836734752186,-0.0026259831424691347,0.3333322222259259,394.0,1.310587784983506,True
153110143.0,5512000.0,131161.85,0.0237956912191582,4108000.0,85137.62,0.02072483446932814,-0.003070856749830063,-0.1290509580725135,1970-01-01 01:00:45.350,-59.0,1970-01-01 01:00:45.352,-61.0,2.0,728000.0,14756.56,0.02027,-0.2547169349207302,-0.09086533339164984,5.642849391690396,-120.0,0.0,False
153110144.0,2444000.0,79792.63,0.03264837561374796,2080000.0,66818.86,0.03212445192307693,-0.0005239236906710229,-0.01604746578725353,1970-01-01 01:00:45.351,-60.0,1970-01-01 01:00:45.345,-54.0,-6.0,104000.0,2108.08,0.02027,-0.14893610927327772,-0.012284727920613532,19.999807694156786,-114.0,0.0,False
153110150.0,35825400.0,812679.69,0.02268445544222814,34418800.0,669179.16,0.01944225713854057,-0.00324219830368757,-0.1429259922921522,1970-01-01 01:00:45.355,-64.0,1970-01-01 01:00:45.352,-61.0,-3.0,2904200.0,58868.13,0.02026999862268439,-0.039262644959647486,-0.09919695034902333,11.85138356470506,-125.0,0.0,False
153110151.0,2906800.0,63774.72,0.02193983762212743,1612000.0,29900.0,0.01854838709677419,-0.003391450525353237,-0.1545795636123027,1970-01-01 01:00:45.350,-59.0,1970-01-01 01:00:45.324,-33.0,-26.0,104000.0,2108.08,0.02027,-0.44543812940755145,-0.10618245983203407,15.499850962971509,-92.0,0.0,False
153110152.0,2808000.0,72525.96,0.02582833333333334,832000.0,23106.2,0.027771875,0.001943541666666666,0.07524843518100276,1970-01-01 01:00:45.077,214.0,1970-01-01 01:00:45.352,-61.0,275.0,182000.0,3689.14,0.02027,-0.7037034530970608,0.054245941294134035,4.571403453827177,153.0,-0.16376866799513534,False
153110155.0,2756000.0,58779.76,0.02132792452830189,988000.0,18048.16,0.01826736842105263,-0.003060556107249257,-0.143499950179772,1970-01-01 01:00:45.323,-32.0,1970-01-01 01:00:45.324,-33.0,1.0,80600.0,1633.76,0.02026997518610422,-0.6415092011940489,-0.09769418668269349,12.257912432848228,-65.0,0.0,False
153110157.0,7384000.0,168335.44,0.02279732394366197,3744000.0,71062.16,0.01898027777777778,-0.003817046165884193,-0.1674339573941701,1970-01-01 01:00:45.349,-58.0,1970-01-01 01:00:45.352,-61.0,3.0,520000.0,10540.4,0.02027,-0.4929576797186241,-0.11638285405361039,7.199986153872781,-119.0,0.0,False
153110159.0,572000.0,18290.12,0.03197573426573427,520000.0,16208.61,0.03117040384615385,-0.0008053304195804155,-0.02518567401416708,1970-01-01 01:00:45.167,124.0,1970-01-01 01:00:45.338,-47.0,171.0,572000.0,11594.44,0.02027,-0.09090893197739165,-0.01918561839757559,0.9090893197739165,77.0,0.629724772678476,True
154030107.0,154000.0,10058.62,0.0653157142857143,50600.0,3371.6,0.06663241106719367,0.001316696781479373,0.02015895861935569,1970-01-01 01:00:45.086,205.0,1970-01-01 01:00:45.176,115.0,90.0,15400.0,591.36,0.0384,-0.671424211531094,0.017482364656124905,3.2855009414973053,320.0,0.36656873270491475,True
154040130.0,897600.0,35521.5,0.03957386363636364,877200.0,32787.93,0.03737794117647059,-0.002195922459893043,-0.05548921075968063,1970-01-01 01:00:45.317,-26.0,1970-01-01 01:00:45.315,-24.0,-2.0,81600.0,1969.01,0.02413002450980392,-0.02272724740725556,-0.044295971683802345,10.749868261418365,-50.0,0.0,False
154040131.0,1652400.0,65353.04,0.03955037521181312,1652400.0,61853.82,0.03743271604938272,-0.002117659162430403,-0.05354333937640848,1970-01-01 01:00:45.296,-5.0,1970-01-01 01:00:45.349,-58.0,53.0,102000.0,2461.26,0.02413,0.0,-0.04273750003664028,16.199841178027665,-63.0,0.0,False
154040201.0,2070600.0,71743.1,0.03464845938375351,1734000.0,56087.83,0.03234592272202999,-0.002302536661723517,-0.06645422921179478,1970-01-01 01:00:45.321,-30.0,1970-01-01 01:00:45.351,-60.0,30.0,34000.0,820.42,0.02413,-0.16256149784531157,-0.05157034964931745,50.99850004411635,-90.0,0.0,False
154040202.0,7711200.0,275350.16,0.03570782238821454,5987400.0,215194.78,0.0359412733406821,0.0002334509524675593,0.006537809837001161,1970-01-01 01:00:45.335,-44.0,1970-01-01 01:00:45.351,-60.0,16.0,544000.0,13126.72,0.02413,-0.2235449445553293,0.005107461705017763,11.006229767959985,-104.0,0.0,False
154040203.0,2371500.0,85232.27,0.03594023613746574,1836000.0,67260.39,0.03663419934640523,0.0006939632089394895,0.0193088105009992,1970-01-01 01:00:45.308,-17.0,1970-01-01 01:00:45.345,-54.0,37.0,272000.0,6563.36,0.02413,-0.22580635639622332,0.015105782366093242,6.749975183914765,-71.0,0.0,False
154040204.0,9554000.0,343984.62,0.03600425162235713,12818000.0,446796.08,0.03485692619753472,-0.001147325424822404,-0.03186638724938705,1970-01-01 01:00:45.345,-54.0,1970-01-01 01:00:45.352,-61.0,7.0,850000.0,20510.5,0.02413,0.34163697491762873,-0.02493955198403504,15.079982258844401,-115.0,0.0,False
154040205.0,14455100.0,527686.12,0.03650518640479831,9486000.0,331492.69,0.03494546594982079,-0.001559720454977515,-0.04272599618262741,1970-01-01 01:00:45.355,-64.0,1970-01-01 01:00:45.350,-59.0,-5.0,438600.0,10583.42,0.02413000455996352,-0.3437610017391093,-0.03353863462455848,21.627857665623196,-123.0,0.0,False
154040217.0,18086300.0,594538.55,0.03287231495662463,19720000.0,581394.75,0.02948249239350913,-0.003389822563115503,-0.1031208957321202,1970-01-01 01:00:45.355,-64.0,1970-01-01 01:00:45.352,-61.0,-3.0,1598000.0,38559.74,0.02413,0.09032803335518966,-0.07906786854279038,12.340417809500744,-125.0,0.0,False
154040218.0,5848000.0,195487.24,0.03342805061559508,4420000.0,142399.65,0.03221711538461539,-0.001210935230979683,-0.03622512257459457,1970-01-01 01:00:45.336,-45.0,1970-01-01 01:00:45.331,-40.0,-5.0,850000.0,20510.5,0.02413,-0.24418600475615515,-0.02788371142187152,5.199993882360139,-85.0,0.0,False
154040219.0,7344000.0,264125.26,0.03596476851851852,5134000.0,178939.96,0.03485390728476821,-0.001110861233750308,-0.03088748459977764,1970-01-01 01:00:45.328,-37.0,1970-01-01 01:00:45.329,-38.0,1.0,34000.0,820.42,0.02413,-0.3009258849501791,-0.024167667314646837,150.9955589541484,-75.0,0.0,False
154040220.0,4760000.0,161203.86,0.03386635714285714,4486300.0,150079.4,0.03345282303902993,-0.0004135341038272108,-0.01221076427213048,1970-01-01 01:00:45.278,13.0,1970-01-01 01:00:45.352,-61.0,74.0,170000.0,4102.1,0.02413,-0.0574999879201706,-0.009427135754183488,26.389844765619024,-48.0,0.0,False
154040225.0,2924000.0,92932.2,0.03178255813953489,2856000.0,95140.67,0.03331255952380952,0.001530001384274636,0.04813965501321432,1970-01-01 01:00:45.293,-2.0,1970-01-01 01:00:45.329,-38.0,36.0,612000.0,14767.56,0.02413,-0.023255806000066347,0.03661818357710702,4.666659041406795,-40.0,0.0,False
154040234.0,3228300.0,124213.54,0.03847645510020754,2958000.0,105982.6,0.03582914131169709,-0.00264731378851045,-0.06880347427058504,1970-01-01 01:00:45.345,-54.0,1970-01-01 01:00:45.350,-59.0,5.0,34000.0,820.42,0.02413,-0.0837282521053644,-0.05461030067149271,86.99744125172789,-113.0,0.0,False
154040237.0,2645200.0,93133.92,0.03520864962951761,2414000.0,87377.96,0.03619633802816902,0.000987688398651404,0.0280524362349689,1970-01-01 01:00:45.343,-52.0,1970-01-01 01:00:45.343,-52.0,0.0,170000.0,4102.1,0.02413,-0.0874035659293944,0.02184733246282417,14.199916471079582,-104.0,0.0,False
154040238.0,1094800.0,43650.97,0.03987118195104129,2488800.0,93681.48,0.03764122468659595,-0.002229957264445338,-0.05592904838345531,1970-01-01 01:00:45.342,-51.0,1970-01-01 01:00:45.349,-58.0,7.0,204000.0,4922.52,0.02413,1.2732907624307979,-0.044714345584078885,12.199940196371587,-109.0,0.0,False
154040245.0,170000.0,5958.5,0.03505,2074000.0,70712.52,0.03409475409836066,-0.00095524590163934,-0.02725380603821227,1970-01-01 01:00:45.344,-53.0,1970-01-01 01:00:45.338,-47.0,-6.0,408000.0,9845.04,0.02413,11.1999341180346,-0.021204126562471476,5.083320874213544,-100.0,0.0,False
170652139.0,7463400.0,71454.01,0.009573922073049817,6888000.0,62536.32,0.009079024390243903,-0.0004948976828059136,-0.05169226143996195,1970-01-01 01:00:45.311,-20.0,1970-01-01 01:00:45.320,-29.0,9.0,1008000.0,7237.44,0.00718,-0.07709621927054436,-0.02528352166515004,6.833326554239529,-49.0,0.0,False
170652143.0,20550600.0,202464.47,0.009851997995192355,22344000.0,190816.08,0.008539924812030074,-0.001312073183162281,-0.1331783851156441,1970-01-01 01:00:45.301,-10.0,1970-01-01 01:00:45.320,-29.0,19.0,2520000.0,18093.6,0.00718,0.08726752078929467,-0.06609275214918073,8.866663148149545,-39.0,0.0,False
170652430.0,3780000.0,37097.76,0.009814222222222222,3528000.0,35456.4,0.01005,0.0002357777777777775,0.02402409202065027,1970-01-01 01:00:45.197,94.0,1970-01-01 01:00:45.338,-47.0,141.0,1260000.0,9046.8,0.00718,-0.06666664902998704,0.011899421291104018,2.7999977777795415,47.0,-0.04813902070150888,False
170652432.0,924000.0,9128.28,0.00987909090909091,672000.0,6782.16,0.0100925,0.0002134090909090905,0.02160209809515041,1970-01-01 01:00:45.119,172.0,1970-01-01 01:00:45.159,132.0,40.0,336000.0,2412.48,0.00718,-0.2727269775682061,0.010735354643984065,1.999994047636763,304.0,0.6237351633721185,True
170652878.0,29530200.0,297735.44,0.01008240513101842,30991800.0,339211.28,0.0109451945353287,0.0008627894043102841,0.08557376866913644,1970-01-01 01:00:45.338,-47.0,1970-01-01 01:00:45.343,-52.0,5.0,3998400.0,34289.31,0.008575757803121248,0.04949509148278401,0.04296245388345725,7.751048481630532,-99.0,0.0,False
170841071.0,56815000.0,491695.6,0.00865432720232333,50710000.0,513740.15,0.01013094360086768,0.00147661639854435,0.170621743784767,1970-01-01 01:00:45.272,19.0,1970-01-01 01:00:45.324,-33.0,52.0,1540000.0,12772.25,0.00829366883116883,-0.10745401553367921,0.07915677593349187,32.928550046396076,-14.0,0.0,False
172351131.0,2486200.0,57368.12,0.02307461990185826,1884800.0,60967.39,0.032346875,0.009272255098141738,0.4018378260434539,1970-01-01 01:00:45.196,95.0,1970-01-01 01:00:45.337,-46.0,141.0,520600.0,14372.04,0.02760668459469843,-0.24189516455025156,0.2803435119029376,3.62043100186131,49.0,-0.2872248524882758,False
172351143.0,1922800.0,44622.22,0.0232068961930518,1626400.0,46693.49,0.02870972085587801,0.005502824662826207,0.2371202343066353,1970-01-01 01:00:45.131,160.0,1970-01-01 01:00:45.147,144.0,16.0,665000.0,14738.73,0.0221635037593985,-0.154150117458853,0.16571330939317405,2.445710607953973,304.0,0.4234515462943115,True
172620505.0,224944000.0,1131770.24,0.005031342200725514,216756800.0,1089250.15,0.005025217893971492,-6.12430675402207e-06,-0.001217231209822888,1970-01-01 01:00:45.321,-30.0,1970-01-01 01:00:45.337,-46.0,16.0,4569600.0,15582.34,0.00341000087535014,-0.036396614106637144,-0.0004074357879848195,47.434513429071814,-76.0,0.0,False
172620527.0,239897200.0,1118753.16,0.004663469019229903,222434800.0,1009137.13,0.004536777203926724,-0.0001266918153031791,-0.02716686114580433,1970-01-01 01:00:45.349,-58.0,1970-01-01 01:00:45.350,-59.0,1.0,32626400.0,111256.02,0.003409999877399897,-0.07279117858486393,-0.008639962012879317,6.817632137850571,-117.0,0.0,False
172620528.0,55760000.0,273579.23,0.004906370695839311,48688000.0,240282.48,0.004935147880381203,2.877718454189198e-05,0.005865269121694278,1970-01-01 01:00:45.300,-9.0,1970-01-01 01:00:45.337,-46.0,37.0,2040000.0,6956.4,0.00341,-0.1268292660181265,0.001930529243441149,23.866654967325996,-55.0,0.0,False
172620529.0,88753600.0,393176.41,0.004429977037551152,21875600.0,104584.88,0.00478089195267787,0.0003509149151267182,0.07921370972177783,1970-01-01 01:00:45.346,-55.0,1970-01-01 01:00:45.349,-58.0,3.0,136000.0,463.76,0.00341,-0.7535243555920621,0.024318466634668353,160.84881728810817,-113.0,0.0,False
172620566.0,25296000.0,105099.44,0.00415478494623656,18224000.0,81070.96,0.004448582089552239,0.0002937971433156798,0.07071296038602523,1970-01-01 01:00:45.177,114.0,1970-01-01 01:00:45.310,-19.0,133.0,4352000.0,14840.32,0.00341,-0.279569881421178,0.020756030164470553,4.1874990377989345,95.0,-0.2636603146526537,False
172620572.0,245072000.0,1552341.22,0.006334225125677352,236096000.0,1013417.33,0.004292395169761453,-0.002041829955915899,-0.3223488138492007,1970-01-01 01:00:45.355,-64.0,1970-01-01 01:00:45.344,-53.0,-11.0,7949200.0,27106.77,0.003409999748402355,-0.03662597099372441,-0.12500317218636522,29.70059506609532,-117.0,0.0,False
172620580.0,8935200.0,46856.56,0.005244041543558062,16721200.0,84916.97,0.005078401669736622,-0.0001656398738214401,-0.03158630084174621,1970-01-01 01:00:45.337,-46.0,1970-01-01 01:00:45.341,-50.0,4.0,224400.0,765.2,0.003409982174688057,0.8713849861911332,-0.010865876568765807,74.51481945267624,-96.0,0.0,False
172620583.0,924800.0,4223.35,0.004566771193771627,1142400.0,5643.46,0.00494000350140056,0.000373232307628933,0.08172783172013619,1970-01-01 01:00:45.015,276.0,1970-01-01 01:00:45.091,200.0,76.0,571200.0,1947.79,0.00340999649859944,0.2352938632203036,0.025622171355895083,1.9999964986055696,476.0,0.5577917553587273,True
172620586.0,13953600.0,75054.86,0.005378888602224516,14769600.0,75830.88,0.005134254143646409,-0.0002446344585781066,-0.04548048429129663,1970-01-01 01:00:45.270,21.0,1970-01-01 01:00:45.299,-8.0,29.0,4488000.0,15304.08,0.00341,0.05847952797274338,-0.015907161102832936,3.29090835764074,13.0,-0.4738234675404266,False
172620587.0,14259600.0,69423.1,0.004868516648433336,16320000.0,79983.64,0.004900958333333334,3.244168489999807e-05,0.006663566593828458,1970-01-01 01:00:45.309,-18.0,1970-01-01 01:00:45.342,-51.0,33.0,408000.0,1391.28,0.00341,0.14449212148362356,0.0021819046019911055,39.999901961024605,-69.0,0.0,False
172620595.0,92038000.0,420877.32,0.004572864686325214,47654400.0,207516.48,0.004354613215149073,-0.0002182514711761407,-0.04772751571434078,1970-01-01 01:00:45.336,-45.0,1970-01-01 01:00:45.348,-57.0,12.0,7425600.0,25321.3,0.003410000538677009,-0.4822312470693491,-0.014976566095542083,6.417581553331508,-102.0,0.0,False
172620596.0,17788800.0,81826.57,0.004599892629069977,14518000.0,61621.34,0.004244478578316572,-0.000355414050753405,-0.07726572757531167,1970-01-01 01:00:45.330,-39.0,1970-01-01 01:00:45.344,-53.0,14.0,4263600.0,14538.88,0.003410000938174313,-0.1838684911928578,-0.024343607160900407,3.405102869616552,-92.0,0.0,False
172620598.0,25704000.0,120653.76,0.004693968253968254,33728000.0,164236.32,0.004869435483870968,0.0001754672299027135,0.03738142663286538,1970-01-01 01:00:45.331,-40.0,1970-01-01 01:00:45.350,-59.0,19.0,2720000.0,9275.2,0.00341,0.312169300024537,0.011941446100193308,12.399995441178147,-99.0,0.0,False
172620603.0,47736000.0,252636.32,0.005292364672364673,75616000.0,378554.92,0.005006280681337283,-0.0002860839910273898,-0.05405598607390846,1970-01-01 01:00:45.351,-60.0,1970-01-01 01:00:45.337,-46.0,-14.0,4488000.0,15304.08,0.00341,0.584045571810676,-0.018707635944909252,16.848481094366957,-106.0,0.0,False
172620604.0,29634400.0,143733.49,0.004850224401371379,29049600.0,123154.93,0.00423947076723948,-0.0006107536341318992,-0.1259227581221214,1970-01-01 01:00:45.326,-35.0,1970-01-01 01:00:45.348,-57.0,22.0,7099200.0,24208.27,0.003409999718278116,-0.019733822188611135,-0.04112756936356448,4.091953446592088,-92.0,0.0,False
173040866.0,840000.0,9030.0,0.01075,31341000.0,369492.27,0.01178942184359146,0.001039421843591461,0.09669040405501964,1970-01-01 01:00:45.299,-8.0,1970-01-01 01:00:45.324,-33.0,25.0,939000.0,7267.86,0.007739999999999999,36.31067105872493,0.05009261896826319,33.37696125989216,-41.0,0.0,False
173041070.0,46083000.0,569808.09,0.01236482195169585,41919000.0,514225.71,0.01226712731696844,-9.769463472741186e-05,-0.0079010142733202,1970-01-01 01:00:45.351,-60.0,1970-01-01 01:00:45.351,-60.0,0.0,4200000.0,32508.0,0.00774,-0.09035869864464773,-0.004368227698767975,9.980711909354307,-120.0,0.0,False
173041071.0,10002000.0,125626.92,0.0125601799640072,6651143.0,79063.12,0.01188714781805172,-0.0006730321459554774,-0.05358459416060415,1970-01-01 01:00:45.351,-60.0,1970-01-01 01:00:45.351,-60.0,0.0,1587000.0,12283.38,0.007739999999999999,-0.3350186627655806,-0.029832747213419462,4.191013742272374,-120.0,0.0,False
173041072.0,42354000.0,527276.82,0.01244928035132455,37260000.0,455498.4,0.01222486312399356,-0.0002244172273309902,-0.01802652209588269,1970-01-01 01:00:45.351,-60.0,1970-01-01 01:00:45.351,-60.0,0.0,3600000.0,27864.0,0.00774,-0.12027199036048566,-0.00999663346971161,10.3499971250008,-120.0,0.0,False
173041074.0,102729000.0,1139658.06,0.0110938299798499,96780000.0,1033928.1,0.01068328270303782,-0.0004105472768120774,-0.03700681167439635,1970-01-01 01:00:45.336,-45.0,1970-01-01 01:00:45.351,-60.0,15.0,8952000.0,69288.48,0.007739999999999999,-0.05790964520330535,-0.019462908215542505,10.8109907494425,-105.0,0.0,False
173041076.0,25557000.0,293405.67,0.01148044254020425,16320000.0,192863.2,0.01181759803921569,0.000337155499011442,0.02936781381298945,1970-01-01 01:00:45.338,-47.0,1970-01-01 01:00:45.350,-59.0,12.0,1320000.0,10216.8,0.007739999999999999,-0.36142738343986447,0.01569592890744215,12.363626997252275,-106.0,0.0,False
173041077.0,13320000.0,151434.62,0.01136896546546546,6174000.0,68074.62,0.01102601554907677,-0.0003429499163886945,-0.03016544622555536,1970-01-01 01:00:45.302,-11.0,1970-01-01 01:00:45.338,-47.0,36.0,660000.0,5108.4,0.007739999999999999,-0.5364864462097263,-0.016048971436775368,9.35453128101321,-58.0,0.0,False
173041078.0,13320000.0,152505.6,0.01144936936936937,10722000.0,121364.22,0.01131917739227756,-0.0001301919770918085,-0.01137110463394714,1970-01-01 01:00:45.310,-19.0,1970-01-01 01:00:45.344,-53.0,34.0,420000.0,3250.8,0.00774,-0.19504503040202475,-0.006069734491948667,25.528510646403223,-72.0,0.0,False
173041081.0,9879000.0,135529.38,0.01371893713938658,8364000.0,100678.41,0.01203711262553802,-0.001681824513848558,-0.1225914585627847,1970-01-01 01:00:45.337,-46.0,1970-01-01 01:00:45.342,-51.0,5.0,1140000.0,8823.6,0.00774,-0.15335558727041326,-0.07090640292881409,7.3368356694423955,-97.0,0.0,False
173041087.0,17718000.0,209837.97,0.01184320860142228,28740000.0,356041.8,0.01238837160751566,0.0005451630060933771,0.04603169837166484,1970-01-01 01:00:45.352,-61.0,1970-01-01 01:00:45.352,-61.0,0.0,5100000.0,39474.0,0.00774,0.6220792063393608,0.024958009422566235,5.635293012687645,-122.0,0.0,False
173041088.0,8862000.0,119920.65,0.01353200744752877,6540000.0,86704.6,0.01325758409785933,-0.0002744233496694438,-0.02027957424155565,1970-01-01 01:00:45.215,76.0,1970-01-01 01:00:45.275,16.0,60.0,276000.0,2136.24,0.007739999999999999,-0.2620175736834153,-0.011661705882141497,23.69556632041188,92.0,-6.121212384211461,False
173041091.0,19200000.0,228998.4,0.011927,14760000.0,178801.5,0.01211392276422764,0.0001869227642276403,0.01567223645741933,1970-01-01 01:00:45.259,32.0,1970-01-01 01:00:45.300,-9.0,41.0,600000.0,4644.0,0.00774,-0.2312499879557298,0.00852477603993434,24.599959000068335,23.0,-6.676706892772179,False
173041092.0,4740000.0,55152.6,0.01163556962025316,5220000.0,61787.7,0.01183672413793103,0.0002011545176778644,0.01728789601565615,1970-01-01 01:00:45.146,145.0,1970-01-01 01:00:45.264,27.0,118.0,180000.0,1393.2,0.00774,0.101265801420717,0.009297398737750944,28.999838889783945,172.0,-7.701532568209393,False
173041097.0,1500000.0,20555.4,0.0137036,1140000.0,15358.8,0.01347263157894737,-0.0002309684210526318,-0.01685457989525612,1970-01-01 01:00:45.062,229.0,1970-01-01 01:00:45.146,145.0,84.0,540000.0,4179.6,0.00774,-0.23999984000010666,-0.009744022893258063,2.11110720165333,374.0,0.6260018012767666,True
173041098.0,300000.0,4192.2,0.013974,360000.0,5049.6,0.01402666666666667,5.266666666667134e-05,0.003768904155336436,1970-01-01 01:00:44.770,521.0,1970-01-01 01:00:45.203,88.0,433.0,60000.0,464.4,0.007739999999999999,0.19999933333555556,0.0021968243374769054,5.999900001666639,609.0,-0.5777173739346821,False
173041099.0,3840000.0,42807.6,0.0111478125,19374000.0,230529.63,0.01189891762155466,0.0007511051215546606,0.06737690659532178,1970-01-01 01:00:45.345,-54.0,1970-01-01 01:00:45.348,-57.0,3.0,408000.0,3157.92,0.00774,4.045311446533478,0.035516917958046984,47.48517773240752,-111.0,0.0,False
173041302.0,24136000.0,227158.96,0.009411624129930395,23296000.0,210334.32,0.00902877403846154,-0.0003828500914688556,-0.04067842979952144,1970-01-01 01:00:45.355,-64.0,1970-01-01 01:00:45.351,-60.0,-4.0,392000.0,2602.88,0.00664,-0.03480278278079289,-0.019722723297456946,59.42841982545963,-124.0,0.0,False
173041307.0,24379600.0,267261.44,0.01096250307634252,23321200.0,241520.62,0.01035626897415227,-0.0006062341021902465,-0.05530070075861798,1970-01-01 01:00:45.328,-37.0,1970-01-01 01:00:45.350,-59.0,22.0,168000.0,1115.52,0.00664,-0.04341334380328866,-0.028919929074425237,138.8158403819025,-96.0,0.0,False
173041308.0,7168000.0,79622.48,0.011108046875,32368000.0,343978.8,0.0106271255561048,-0.0004809213188951989,-0.04329485861079416,1970-01-01 01:00:45.338,-47.0,1970-01-01 01:00:45.343,-52.0,5.0,336000.0,2231.04,0.00664,3.5156245095389913,-0.022783790548844843,96.33304662783742,-99.0,0.0,False
173041309.0,2912000.0,35908.88,0.01233134615384615,3528000.0,44605.68,0.01264333333333333,0.0003119871794871765,0.02530033425343977,1970-01-01 01:00:45.220,71.0,1970-01-01 01:00:45.323,-32.0,103.0,504000.0,3346.56,0.00664,0.21153838889478405,0.013970818298987437,6.999986111138669,39.0,-1.4284756228470459,False
173041310.0,13305600.0,144937.81,0.01089299317580568,20459600.0,240819.73,0.01177050040078985,0.000877507224984175,0.08055703430836604,1970-01-01 01:00:45.322,-31.0,1970-01-01 01:00:45.343,-52.0,21.0,1680000.0,11155.2,0.00664,0.5376683097591759,0.042000072349630505,12.178326084329711,-83.0,0.0,False
173041311.0,1400000.0,16990.96,0.0121364,1677200.0,19857.29,0.01183954805628428,-0.0002968519437157192,-0.02445963743084598,1970-01-01 01:00:45.317,-26.0,1970-01-01 01:00:45.345,-54.0,28.0,467600.0,3104.86,0.006639991445680069,0.1979998585715296,-0.013410127379145625,3.5868186766067653,-80.0,0.0,False
173041312.0,2632000.0,28975.52,0.01100893617021277,5992000.0,67596.48,0.0112811214953271,0.0002721853251143342,0.02472403517524198,1970-01-01 01:00:45.212,79.0,1970-01-01 01:00:45.348,-57.0,136.0,224000.0,1487.36,0.006639999999999999,1.276595259652257,0.012955692897018194,26.749880580890263,22.0,-7.7834350475563285,False
173041313.0,14056000.0,140976.64,0.01002964143426295,9968000.0,99189.44,0.009950786516853933,-7.885491740901654e-05,-0.007862187090720394,1970-01-01 01:00:45.329,-38.0,1970-01-01 01:00:45.316,-25.0,-13.0,529200.0,3513.89,0.006640003779289493,-0.2908366326951741,-0.003936911085893247,18.83594324273764,-63.0,0.0,False
173041317.0,126952000.0,1137462.12,0.008959781019597959,104319600.0,953270.85,0.009137984137209116,0.000178203117611157,0.01988922689308686,1970-01-01 01:00:45.344,-53.0,1970-01-01 01:00:45.350,-59.0,6.0,3808000.0,25285.12,0.00664,-0.17827525223489782,0.009399007162949596,27.39484574715185,-112.0,0.0,False
173041319.0,1064000.0,12429.2,0.01168157894736842,2408000.0,31589.04,0.01311837209302326,0.001436793145654839,0.1229964846471816,1970-01-01 01:00:44.984,307.0,1970-01-01 01:00:45.310,-19.0,326.0,336000.0,2231.04,0.00664,1.2631567075594854,0.06626792029965273,7.166645337365067,288.0,-1.4089088599148099,False
173041340.0,12152000.0,134551.2,0.01107235023041475,12320000.0,122020.08,0.009904227272727273,-0.001168122957687475,-0.1054990976061023,1970-01-01 01:00:45.324,-33.0,1970-01-01 01:00:45.350,-59.0,26.0,560000.0,3718.4,0.00664,0.013824883654963491,-0.0554339190889807,21.99996071435587,-92.0,0.0,False
173041357.0,896000.0,9290.4,0.01036875,168000.0,1967.28,0.01171,0.00134125,0.1293550331525015,1970-01-01 01:00:44.510,781.0,1970-01-01 01:00:45.348,-57.0,838.0,952000.0,6321.28,0.00664,-0.8124990931929763,0.06584841976066279,0.17647040286722387,724.0,1.4948732541165284,True
173041358.0,3360000.0,39180.4,0.01166083333333333,1176000.0,15160.32,0.01289142857142857,0.001230595238095235,0.1055323580157423,1970-01-01 01:00:45.213,78.0,1970-01-01 01:00:45.321,-30.0,108.0,504000.0,3346.56,0.00664,-0.6499998065476766,0.05681199883485101,2.3333287037128896,48.0,0.2620029907055912,True
173041386.0,3612000.0,46518.36,0.01287883720930233,5208000.0,65562.0,0.01258870967741935,-0.0002901275318829763,-0.02252746324593796,1970-01-01 01:00:45.351,-60.0,1970-01-01 01:00:45.349,-58.0,-2.0,1061200.0,7046.37,0.006640001884658877,0.4418603427850657,-0.012681043587521704,4.9076470904192515,-118.0,0.0,False
173041400.0,6720000.0,68426.96,0.01018258333333334,7448000.0,77159.04,0.0103596992481203,0.0001771159147869652,0.01739400592059629,1970-01-01 01:00:45.238,53.0,1970-01-01 01:00:45.350,-59.0,112.0,952000.0,6321.28,0.00664,0.10833331721230399,0.008775681084117831,7.823521193780259,-6.0,0.0,False
173041800.0,6300000.0,76812.0,0.01219238095238095,3180000.0,41233.2,0.01296641509433962,0.0007740341419586669,0.0634850686655679,1970-01-01 01:00:45.142,149.0,1970-01-01 01:00:45.173,118.0,31.0,1656000.0,12817.44,0.00774,-0.4952380166288862,0.03487837306053559,1.9202886954778409,267.0,0.6837065178353778,True
173041802.0,14220000.0,163501.2,0.0114979746835443,13020000.0,161112.0,0.0123741935483871,0.0008762188648427961,0.07620636581300053,1970-01-01 01:00:45.263,28.0,1970-01-01 01:00:45.307,-16.0,44.0,1020000.0,7894.8,0.00774,-0.08438817971953728,0.04075820526077282,12.764693367947679,12.0,-3.2992533260282895,False
173051001.0,28520000.0,219840.6,0.007708295932678822,22400000.0,159326.0,0.007112767857142857,-0.0005955280755359643,-0.07725807114011563,1970-01-01 01:00:45.306,-15.0,1970-01-01 01:00:45.344,-53.0,38.0,4200000.0,22596.0,0.00538,-0.21458624773540505,-0.03362989176372296,5.3333320634923655,-68.0,0.0,False
173051006.0,19000000.0,162596.0,0.008557684210526316,22800000.0,188944.0,0.008287017543859649,-0.0002706666666666673,-0.03162849434590444,1970-01-01 01:00:45.308,-17.0,1970-01-01 01:00:45.316,-25.0,8.0,500000.0,2690.0,0.00538,0.19999998947368477,-0.0145851531686879,45.5999088001824,-42.0,0.0,False
173051008.0,6600000.0,56602.0,0.008576060606060606,8900000.0,73746.0,0.008286067415730337,-0.0002899931903302694,-0.03381426550616194,1970-01-01 01:00:45.310,-19.0,1970-01-01 01:00:45.316,-25.0,6.0,200000.0,1076.0,0.00538,0.3484847956841219,-0.01561112425718812,44.4997775011125,-44.0,0.0,False
173051016.0,290736000.0,2245442.4,0.007723303615651312,297140000.0,2095233.4,0.007051334051288954,-0.0006719695643623578,-0.08700545748332465,1970-01-01 01:00:45.355,-64.0,1970-01-01 01:00:45.352,-61.0,-3.0,26935000.0,144910.3,0.005379999999999999,0.022026855903545292,-0.03791446442123503,11.031742675636062,-125.0,0.0,False
173240133.0,10024000.0,180675.6,0.01802430167597766,11200000.0,197366.4,0.017622,-0.0004023016759776565,-0.02231995908689402,1970-01-01 01:00:45.343,-52.0,1970-01-01 01:00:45.343,-52.0,0.0,280000.0,3642.8,0.01301,0.11731842405043655,-0.014355457653473243,39.99985714336734,-104.0,0.0,False
173240136.0,5465600.0,123817.96,0.02265404713114754,4704000.0,90834.24,0.01931,-0.00334404713114754,-0.1476136741390344,1970-01-01 01:00:45.253,38.0,1970-01-01 01:00:45.317,-26.0,64.0,484400.0,6302.04,0.01300999174236168,-0.13934423680030797,-0.10240835133595956,9.710962611555303,12.0,-2.3380139706669993,False
173240302.0,1848000.0,50982.05,0.0275876893939394,1232000.0,23018.8,0.01868409090909091,-0.008903598484848486,-0.3227381009590631,1970-01-01 01:00:45.177,114.0,1970-01-01 01:00:45.252,39.0,75.0,616000.0,6172.32,0.01002,-0.33333315295825056,-0.23687538735179856,1.999996753252024,153.0,0.5547665178649537,True
173240339.0,616000.0,17053.61,0.02768443181818182,784000.0,21646.75,0.02761065051020408,-7.378130797773899e-05,-0.002665082977404034,1970-01-01 01:00:45.184,107.0,1970-01-01 01:00:45.183,108.0,-1.0,784000.0,7855.68,0.01002,0.27272682998891234,-0.0019578723737620827,0.9999987244914228,215.0,0.6936295896674849,True
173240405.0,2128000.0,51816.8,0.02435,952000.0,25466.0,0.02675,0.002399999999999999,0.09856262833675562,1970-01-01 01:00:45.281,10.0,1970-01-01 01:00:45.322,-31.0,41.0,490000.0,7144.2,0.01458,-0.5526313192521995,0.06986899563318774,1.9428531778506575,-21.0,0.0,False
173240406.0,896000.0,24344.32,0.02717,448000.0,13310.08,0.02971,0.002540000000000001,0.09348546190651456,1970-01-01 01:00:45.275,16.0,1970-01-01 01:00:45.322,-31.0,47.0,448000.0,6531.84,0.01458,-0.49999944196490853,0.06833467850417005,0.9999977678621254,-15.0,0.0,False
173240408.0,2615200.0,76032.46,0.0290732869379015,1568000.0,46779.6,0.02983392857142857,0.0007606416335270705,0.02616290463310006,1970-01-01 01:00:45.079,212.0,1970-01-01 01:00:45.302,-11.0,223.0,30800.0,449.06,0.01457987012987013,-0.4004281124089506,0.019467050077868933,50.907438070192526,201.0,-14.094342857870405,False
173301002.0,66778800.0,343444.99,0.005143024283155732,17195200.0,86810.94,0.005048556573927608,-9.446770922812413e-05,-0.01836812428390077,1970-01-01 01:00:45.246,45.0,1970-01-01 01:00:45.300,-9.0,54.0,1760000.0,6952.0,0.00395,-0.7425050952921421,-0.006238364771903907,9.76999444886679,36.0,-1.9848155505891685,False
173301003.0,44880000.0,236274.72,0.005264588235294117,8448000.0,44616.0,0.00528125,1.66617647058831e-05,0.003164875192741879,1970-01-01 01:00:45.112,179.0,1970-01-01 01:00:45.245,46.0,133.0,440000.0,1738.0,0.00395,-0.8117646877949045,0.0010915305705632133,19.199956363735538,225.0,-4.432568809041845,False
173301005.0,78408000.0,430082.4,0.005485185185185186,66704000.0,369789.64,0.005543740105540897,5.855492035571151e-05,0.01067510364351256,1970-01-01 01:00:45.189,102.0,1970-01-01 01:00:45.204,87.0,15.0,1408000.0,5561.6,0.00395,-0.14927048070004997,0.0037813509916388684,47.374966353006855,189.0,-13.119060217458271,False
173301006.0,5808000.0,35864.4,0.006175,5838800.0,37826.58,0.006478485305199699,0.0003034853051996989,0.04914741784610508,1970-01-01 01:00:45.194,97.0,1970-01-01 01:00:45.310,-19.0,116.0,3049200.0,12044.34,0.00395,0.0053030293899742785,0.018762615468296683,1.914862286874496,78.0,0.2940874525204039,True
173400203.0,115000.0,3989.41,0.03469052173913043,57500.0,2045.85,0.03558,0.0008894782608695681,0.02564038291376428,1970-01-01 01:00:45.159,132.0,1970-01-01 01:00:45.343,-52.0,184.0,115000.0,3069.64,0.02669252173913043,-0.4999956522117199,0.019903062802928806,0.4999956522117199,80.0,0.874909218373902,True
173430131.0,977400.0,44701.18,0.04573478616738285,619200.0,34840.06,0.05626624677002583,0.01053146060264298,0.2302724356051282,1970-01-01 01:00:45.261,30.0,1970-01-01 01:00:45.341,-50.0,80.0,558000.0,19827.39,0.03553295698924731,-0.3664821296479132,0.18895668803707025,1.1096754306891923,-20.0,0.0,False
173430205.0,11835000.0,413846.1,0.03496798479087453,5378400.0,204323.56,0.03798965491596014,0.003021670125085613,0.08641247538731964,1970-01-01 01:00:45.258,33.0,1970-01-01 01:00:45.238,53.0,-20.0,810000.0,32353.43,0.03994250617283951,-0.5455512847020461,0.06719603155751841,6.639991802479257,86.0,-0.94858973791375,False
173480103.0,21224000.0,781721.64,0.03683196569920844,18480000.0,716063.04,0.038748,0.001916034300791555,0.05202096234664806,1970-01-01 01:00:45.353,-62.0,1970-01-01 01:00:45.344,-53.0,-9.0,893200.0,24661.25,0.02760999776085983,-0.1292875928530158,0.040912959176170986,20.689632008920725,-115.0,0.0,False
173480106.0,42411600.0,1659986.95,0.03913992751982948,26657400.0,1059134.02,0.03973133238800483,0.0005914048681753478,0.01511001439324904,1970-01-01 01:00:45.315,-24.0,1970-01-01 01:00:45.355,-64.0,40.0,1001000.0,27637.61,0.02761,-0.3714596862306613,0.01203511885394413,26.63074262663074,-88.0,0.0,False
174020102.0,2618000.0,67540.66,0.02579857142857143,2278000.0,61655.6,0.02706567164179104,0.001267100213219609,0.0491151309183081,1970-01-01 01:00:45.277,14.0,1970-01-01 01:00:45.322,-31.0,45.0,442000.0,7186.92,0.01626,-0.1298700802635293,0.0353952731255727,5.1538344935871185,-17.0,0.0,False
174020108.0,5834400.0,104479.64,0.01790752091046209,4926600.0,86314.9,0.0175201761864166,-0.000387344724045488,-0.02163028182305179,1970-01-01 01:00:45.326,-35.0,1970-01-01 01:00:45.348,-57.0,22.0,474300.0,7712.12,0.01626000421674046,-0.15559437892596,-0.013879581969614453,10.38707487439411,-92.0,0.0,False
174020112.0,6143800.0,113372.29,0.01845312184641427,4012000.0,74830.41,0.01865164755732802,0.0001985257109137495,0.01075838075346184,1970-01-01 01:00:45.336,-45.0,1970-01-01 01:00:45.350,-59.0,14.0,272000.0,4422.72,0.01626,-0.3469838948234163,0.0069772909976403225,14.74994577225819,-104.0,0.0,False
174020115.0,374000.0,10751.14,0.02874636363636364,340000.0,10009.94,0.029441,0.0006946363636363626,0.02416432117896331,1970-01-01 01:00:45.259,32.0,1970-01-01 01:00:45.264,27.0,5.0,272000.0,4422.72,0.01626,-0.09090884783730525,0.017927782079256674,1.24999540442866,59.0,0.46755738905116245,True
182010122.0,793600.0,31303.75,0.03944524949596774,729600.0,29348.69,0.0402257264254386,0.0007804769294708566,0.01978633522271523,1970-01-01 01:00:45.328,-37.0,1970-01-01 01:00:45.342,-51.0,14.0,38400.0,983.42,0.02560989583333333,-0.08064505967104377,0.015784669658396696,18.999505221218197,-88.0,0.0,False
182040102.0,5260800.0,197204.81,0.03748570749695863,4692000.0,181941.62,0.0387769863597613,0.001291278862802663,0.03444723199922075,1970-01-01 01:00:45.327,-36.0,1970-01-01 01:00:45.345,-54.0,18.0,332800.0,8523.01,0.02561000600961539,-0.10812041740411774,0.027193000396706038,14.098515328980382,-90.0,0.0,False
182040114.0,4772000.0,137953.28,0.02890890192791282,4761600.0,136571.93,0.02868194094422043,-0.0002269609836923932,-0.00785090295917647,1970-01-01 01:00:45.355,-64.0,1970-01-01 01:00:45.350,-59.0,-5.0,448000.0,11473.28,0.02561,-0.0021793792583027537,-0.005833137725471864,10.628547704134588,-123.0,0.0,False
182040121.0,2866400.0,105701.87,0.03687617569076193,2560000.0,98661.13,0.03853950390625,0.00166332821548807,0.04510576773026821,1970-01-01 01:00:45.321,-30.0,1970-01-01 01:00:45.345,-54.0,24.0,242400.0,6207.86,0.02560998349834983,-0.1068936272349891,0.035483445289157166,10.561012537076993,-84.0,0.0,False
182040131.0,332800.0,8366.59,0.02513999399038462,524800.0,12416.89,0.02366023246951219,-0.001479761520872428,-0.05886085420061746,1970-01-01 01:00:45.204,87.0,1970-01-01 01:00:45.278,13.0,74.0,25600.0,655.62,0.02561015625,0.5769213433853865,-0.042110465963008874,20.499199250029296,100.0,-5.391389981463551,False
182080220.0,6413760.0,193789.19,0.03021459954847079,8548800.0,243757.13,0.02851360775781396,-0.001700991790656827,-0.05629701588227461,1970-01-01 01:00:45.331,-40.0,1970-01-01 01:00:45.331,-40.0,0.0,2507520.0,39518.52,0.01576000191424196,0.3328842468560958,-0.04229786718643352,3.409263571471585,-80.0,0.0,False
182080224.0,3110400.0,78833.02,0.02534497813786009,2534200.0,58654.65,0.02314523320969142,-0.002199744928168663,-0.08679214147289815,1970-01-01 01:00:45.345,-54.0,1970-01-01 01:00:45.345,-54.0,0.0,1267200.0,19971.07,0.01575999842171717,-0.18524942603863617,-0.06223642067590888,1.9998405935601375,-108.0,0.0,False
182080227.0,364800.0,9971.68,0.02733464912280702,134400.0,3161.28,0.02352142857142857,-0.003813220551378445,-0.1395013535475323,1970-01-01 01:00:44.837,454.0,1970-01-01 01:00:45.327,-36.0,490.0,76800.0,1210.37,0.01576002604166667,-0.6315772160712279,-0.10213623647125752,1.7499772138383616,418.0,0.892481431948539,True
182080229.0,1267200.0,29018.88,0.0229,633600.0,15630.91,0.02466999684343434,0.001769996843434339,0.07729243857791873,1970-01-01 01:00:44.964,327.0,1970-01-01 01:00:44.970,321.0,6.0,96000.0,1512.96,0.01576,-0.4999996054296043,0.05379929615301943,6.599931250716138,648.0,-0.5456528094757458,False
182080232.0,5069760.0,111269.84,0.02194775295083002,5860800.0,125487.88,0.02141139093639094,-0.0005363620144390804,-0.02443812884356329,1970-01-01 01:00:45.315,-24.0,1970-01-01 01:00:45.341,-50.0,26.0,480000.0,7564.8,0.01576,0.1560310239476772,-0.016788724241876468,12.209974562552995,-74.0,0.0,False
182080240.0,1920000.0,45816.96,0.023863,2534400.0,53836.4,0.02124226641414141,-0.002620733585858587,-0.109824145575099,1970-01-01 01:00:45.237,54.0,1970-01-01 01:00:45.303,-12.0,66.0,575040.0,9062.63,0.01575999930439621,0.31999983333342014,-0.07739224480579356,4.407337911557611,42.0,-0.6504828513674381,False
182080241.0,864000.0,21115.2,0.02443888888888889,940800.0,19264.52,0.02047674319727891,-0.003962145691609978,-0.1621246247987715,1970-01-01 01:00:45.202,89.0,1970-01-01 01:00:45.226,65.0,24.0,192000.0,3025.92,0.01576,0.08888878600834953,-0.11504859243261753,4.899974479299587,154.0,-0.464964237722008,False
182080242.0,1478400.0,35419.93,0.02395828598484848,1363200.0,31420.44,0.02304903169014084,-0.0009092542947076419,-0.03795155860826879,1970-01-01 01:00:45.137,154.0,1970-01-01 01:00:45.331,-40.0,194.0,307200.0,4841.47,0.01575999348958334,-0.07792202521508035,-0.026775623926170285,4.437485555060042,114.0,-0.3535275084956043,False
182080243.0,2379840.0,56354.3,0.02367986923490655,2304000.0,48518.79,0.02105850260416667,-0.002621366630739877,-0.1107002156445912,1970-01-01 01:00:45.331,-40.0,1970-01-01 01:00:45.336,-45.0,5.0,266880.0,4206.03,0.01576000449640288,-0.03186767519342679,-0.07783185298187072,8.633061177078924,-85.0,0.0,False
182080247.0,10334400.0,218993.25,0.02119070773339526,10584960.0,216511.19,0.02045460634711893,-0.0007361013862763298,-0.03473698922836253,1970-01-01 01:00:45.351,-60.0,1970-01-01 01:00:45.351,-60.0,0.0,1580160.0,24903.32,0.01575999898744431,0.024245236855043654,-0.02360002192217655,6.6986591872600325,-120.0,0.0,False
182080254.0,1543680.0,39473.74,0.02557119351160862,1267200.0,32891.45,0.02595600536616161,0.0003848118545529862,0.01504864661003375,1970-01-01 01:00:45.306,-15.0,1970-01-01 01:00:45.307,-16.0,1.0,241920.0,3812.66,0.01576000330687831,-0.17910436158765963,0.010818075430260818,5.238073586005349,-31.0,0.0,False
182080255.0,1071360.0,28135.17,0.02626117271505376,2199360.0,56917.62,0.02587917394151026,-0.0003819987735435015,-0.01454614299553071,1970-01-01 01:00:45.299,-8.0,1970-01-01 01:00:45.349,-58.0,50.0,55680.0,877.52,0.01576005747126437,1.0528664007743422,-0.01053465028683188,39.49929060182109,-66.0,0.0,False
182080257.0,1059840.0,27030.19,0.02550402891002415,691200.0,17886.4,0.02587731481481482,0.0003732859047906635,0.01463635044124132,1970-01-01 01:00:45.293,-2.0,1970-01-01 01:00:45.315,-24.0,22.0,334080.0,5265.1,0.01575999760536399,-0.3478257587694758,0.01051390268233109,2.068959324235739,-26.0,0.0,False
182080259.0,4320000.0,112860.8,0.02612518518518519,13784640.0,326272.67,0.02366929205260348,-0.002455893132581707,-0.09400481241275069,1970-01-01 01:00:45.331,-40.0,1970-01-01 01:00:45.343,-52.0,12.0,326400.0,5144.06,0.01575998774509804,2.1908883817388007,-0.06798285240594033,42.232223553236665,-92.0,0.0,False
182080260.0,384000.0,8513.28,0.02217,537600.0,11016.96,0.02049285714285714,-0.001677142857142863,-0.07564920420130189,1970-01-01 01:00:45.111,180.0,1970-01-01 01:00:45.189,102.0,78.0,288000.0,4538.88,0.01576,0.399998958336046,-0.05213375371908185,1.8666601852076903,282.0,0.45951838720934324,True
182130161.0,3795000.0,457202.6,0.1204749934123847,3174750.0,390388.11,0.1229665674462556,0.002491574033870889,0.02068125478407171,1970-01-01 01:00:45.348,-57.0,1970-01-01 01:00:45.350,-59.0,2.0,165000.0,17965.12,0.1088795151515151,-0.16343869211101658,0.01909618056845511,19.240792480045574,-116.0,0.0,False
